,Coal (TJ),Cokes (TJ),Coal gas (TJ),Network gas (TJ),Crude oil (TJ),Wood pellets (TJ),Heat (TJ),Electricity (TJ),Other (TJ)
Total energetic final consumption incl. refineries,,,,,,,,,
Chemical and petrochemical,1.24259296172952E+04,-,4.68227000000000E+03,2.06723463166720E+05,2.90597919058215E+05,1.94199792593956E+02,1.01912410000000E+05,2.11685690000000E+05,9.19755337930461E+01
Total non-energetic final consumption incl. refineries,,,,,,,,,
   Memo: Feedstock use in petrochemical industry,1.36348000000000E+03,-,0.00000000000000E+00,8.60811500000000E+04,6.58284950000000E+05,0.00000000000000E+00,0.00000000000000E+00,0.00000000000000E+00,0.00000000000000E+00