,Coal (TJ),Cokes (TJ),Coal gas (TJ),Network gas (TJ),Crude oil (TJ),Wood pellets (TJ),Heat (TJ),Electricity (TJ),Other (TJ)
Total energetic final consumption,,,,,,,,,
Chemical and petrochemical industry,0.00000000000000E+00,-,0.00000000000000E+00,7.24434165282512E+04,9.64140900000000E+04,0.00000000000000E+00,3.68772092346084E+04,4.63799500000000E+04,0.00000000000000E+00
Total non-energetic final consumption,,,,,,,,,
Feedstock use in petrochemical industry,4.52522000000000E+03,-,0.00000000000000E+00,9.08165100000000E+04,4.40271990000000E+05,0.00000000000000E+00,0.00000000000000E+00,0.00000000000000E+00,0.00000000000000E+00