,Coal (TJ),Cokes (TJ),Coal gas (TJ),Network gas (TJ),Crude oil (TJ),Wood pellets (TJ),Heat (TJ),Electricity (TJ),Other (TJ)
Total energetic final consumption incl. refineries,,,,,,,,,
Chemical and petrochemical,3.62872059240504E+04,-,3.78361000000000E+03,1.95965502786514E+05,2.88591217670146E+05,1.98114670560663E+02,1.00969000000000E+05,2.14261210000000E+05,3.12822471817240E+02
Total non-energetic final consumption incl. refineries,,,,,,,,,
   Memo: Feedstock use in petrochemical industry,7.42490000000000E+02,-,0.00000000000000E+00,9.93168000000000E+04,0.00000000000000E+00,0.00000000000000E+00,0.00000000000000E+00,0.00000000000000E+00,0.00000000000000E+00