key,demand,full_load_hours
energy_chp_local_engine_network_gas,0.00000000000000E+00,4.20000000000000E+03
energy_chp_local_engine_biogas,0.00000000000000E+00,8.00000000000000E+03
energy_chp_local_wood_pellets,0.00000000000000E+00,6.00000000000000E+03
industry_chp_turbine_gas_power_fuelmix,0.00000000000000E+00,6.00000000000000E+03
industry_chp_engine_gas_power_fuelmix,0.00000000000000E+00,6.00000000000000E+03
industry_chp_combined_cycle_gas_power_fuelmix,0.00000000000000E+00,6.00000000000000E+03
industry_chp_ultra_supercritical_coal,3.63213000000000E+05,7.00000000000000E+03
industry_chp_wood_pellets,0.00000000000000E+00,6.00000000000000E+03
energy_chp_combined_cycle_network_gas,0.00000000000000E+00,4.50000000000000E+03
energy_chp_ultra_supercritical_cofiring_coal,0.00000000000000E+00,4.50000000000000E+03
energy_chp_ultra_supercritical_coal,0.00000000000000E+00,4.50000000000000E+03
energy_chp_ultra_supercritical_lignite,0.00000000000000E+00,7.00000000000000E+03
energy_chp_supercritical_waste_mix,0.00000000000000E+00,6.00000000000000E+03