,Coal (TJ),Cokes (TJ),Coal gas (TJ),Network gas (TJ),Crude oil (TJ),Wood pellets (TJ),Heat (TJ),Electricity (TJ),Other (TJ)
Total energetic final consumption incl. refineries,,,,,,,,,
Chemical and petrochemical,1.15518361707498E+05,-,8.25963000000000E+03,8.36697816414538E+05,1.63654547514326E+06,6.21735329602072E+03,4.20751210000000E+05,8.21160180000000E+05,1.35545384513183E+03
Total non-energetic final consumption incl. refineries,,,,,,,,,
   Memo: Feedstock use in petrochemical industry,6.71542000000000E+03,-,0.00000000000000E+00,5.82091680000000E+05,1.06185931000000E+06,0.00000000000000E+00,0.00000000000000E+00,0.00000000000000E+00,0.00000000000000E+00