,Coal (TJ),Cokes (TJ),Coal gas (TJ),Network gas (TJ),Crude oil (TJ),Wood pellets (TJ),Heat (TJ),Electricity (TJ),Other (TJ)
Total energetic final consumption,,,,,,,,,
Chemical and petrochemical industry,1.02698607481623E+05,-,7.16554000000000E+03,7.11054258753420E+05,3.05838200000000E+05,-4.09990132932973E+04,4.20929091341252E+05,6.78135240000000E+05,-1.11079836955172E+03
Total non-energetic final consumption,,,,,,,,,
Feedstock use in petrochemical industry,6.71542000000000E+03,-,0.00000000000000E+00,5.82091680000000E+05,2.63397926000000E+06,0.00000000000000E+00,0.00000000000000E+00,0.00000000000000E+00,0.00000000000000E+00