,Coal (TJ),Cokes (TJ),Coal gas (TJ),Network gas (TJ),Crude oil (TJ),Wood pellets (TJ),Heat (TJ),Electricity (TJ),Other (TJ)
Total energetic final consumption,,,,,,,,,
Chemical and petrochemical industry,1.09763759399728E+05,-,7.16554000000000E+03,6.87956976855072E+05,3.05838200000000E+05,-1.90653753958710E+04,4.21188378556460E+05,6.78135240000000E+05,-1.59857402201290E+03
Total non-energetic final consumption,,,,,,,,,
Feedstock use in petrochemical industry,6.71542000000000E+03,-,0.00000000000000E+00,5.82091680000000E+05,2.63397926000000E+06,0.00000000000000E+00,0.00000000000000E+00,0.00000000000000E+00,0.00000000000000E+00