,Coal (TJ),Cokes (TJ),Coal gas (TJ),Network gas (TJ),Crude oil (TJ),Wood pellets (TJ),Heat (TJ),Electricity (TJ),Other (TJ)
Total energetic final consumption incl. refineries,,,,,,,,,
Chemical and petrochemical,1.15518361707498E+05,-,8.25963000000000E+03,7.99930720188410E+05,1.68910725376816E+06,6.21403270590693E+03,4.20751210000000E+05,8.21160180000000E+05,1.34585642577609E+03
Total non-energetic final consumption incl. refineries,,,,,,,,,
   Memo: Feedstock use in petrochemical industry,6.71542000000000E+03,-,0.00000000000000E+00,5.82091680000000E+05,0.00000000000000E+00,0.00000000000000E+00,0.00000000000000E+00,0.00000000000000E+00,0.00000000000000E+00