,Coal (TJ),Cokes (TJ),Coal gas (TJ),Network gas (TJ),Crude oil (TJ),Wood pellets (TJ),Heat (TJ),Electricity (TJ),Other (TJ)
Total energetic final consumption incl. refineries,,,,,,,,,
Chemical and petrochemical,0.00000000000000E+00,-,0.00000000000000E+00,9.80077317180899E+04,1.88514540000000E+05,0.00000000000000E+00,9.38169300000000E+04,5.35524300000000E+04,0.00000000000000E+00
Total non-energetic final consumption incl. refineries,,,,,,,,,
   Memo: Feedstock use in petrochemical industry,1.42460000000000E+03,-,0.00000000000000E+00,8.26342400000000E+04,6.78524000000001E+04,0.00000000000000E+00,0.00000000000000E+00,0.00000000000000E+00,0.00000000000000E+00