,Coal (TJ),Cokes (TJ),Coal gas (TJ),Network gas (TJ),Crude oil (TJ),Wood pellets (TJ),Heat (TJ),Electricity (TJ),Other (TJ)
Total energetic final consumption,,,,,,,,,
Chemical and petrochemical industry,4.33016194983436E+02,-,0.00000000000000E+00,6.08453147855607E+04,4.64956000000000E+03,0.00000000000000E+00,2.98028382357197E+04,6.20823700000000E+04,0.00000000000000E+00
Total non-energetic final consumption,,,,,,,,,
Feedstock use in petrochemical industry,0.00000000000000E+00,-,0.00000000000000E+00,1.92707100000000E+04,1.50215730000000E+05,0.00000000000000E+00,0.00000000000000E+00,0.00000000000000E+00,0.00000000000000E+00