,Coal (TJ),Cokes (TJ),Coal gas (TJ),Network gas (TJ),Crude oil (TJ),Wood pellets (TJ),Heat (TJ),Electricity (TJ),Other (TJ)
Total energetic final consumption,,,,,,,,,
Chemical and petrochemical industry,0.00000000000000E+00,-,0.00000000000000E+00,7.51829557640680E+04,9.27385800000000E+04,0.00000000000000E+00,3.81350139938099E+04,4.48676700000000E+04,0.00000000000000E+00
Total non-energetic final consumption,,,,,,,,,
Feedstock use in petrochemical industry,3.18440000000000E+03,-,0.00000000000000E+00,8.19063300000000E+04,5.21441360000000E+05,0.00000000000000E+00,0.00000000000000E+00,0.00000000000000E+00,0.00000000000000E+00