Country_code,Country,Format_name,Pollutant_name,Sector_code,Sector_name,Parent_sector_code,Unit,Year,emissions,Notation,PublicationDate,DataSource,Country_code_3
EUA,EU-27,IPCC Common Reporting Format,All greenhouse gases - (CO2 equivalent),1.A,1.A - Fuel combustion activities (sectoral approach),1,Gg CO2 equivalent,1990,3573150.26208,,20250315,EEA,EUA
EUA,EU-27,IPCC Common Reporting Format,All greenhouse gases - (CO2 equivalent),1.A.3,1.A.3 - Transport,1.AA,Gg CO2 equivalent,1990,674049.78348,,20250315,EEA,EUA
EUA,EU-27,IPCC Common Reporting Format,All greenhouse gases - (CO2 equivalent),1.A.3.b.ii,1.A.3.b.ii - Light duty trucks,1.A.3.b,Gg CO2 equivalent,2019,86189.00881,,20250315,EEA,EUA
EUA,EU-27,IPCC Common Reporting Format,All greenhouse gases - (CO2 equivalent),1.A.3.b.v,1.A.3.b.v - Other Road Transportation,1.A.3.b,Gg CO2 equivalent,2019,103.49414,,20250315,EEA,EUA
EUA,EU-27,IPCC Common Reporting Format,All greenhouse gases - (CO2 equivalent),1.A.3.c,1.A.3.c - Railways,1.A.3,Gg CO2 equivalent,2019,4096.64163,,20250315,EEA,EUA
EUA,EU-27,IPCC Common Reporting Format,All greenhouse gases - (CO2 equivalent),1.A.3.e,1.A.3.e - Other Transportation,1.A.3,Gg CO2 equivalent,2019,5921.38315,,20250315,EEA,EUA
EUA,EU-27,IPCC Common Reporting Format,All greenhouse gases - (CO2 equivalent),1.A.4,1.A.4 - Other Sectors,1.AA,Gg CO2 equivalent,2019,527262.0631,,20250315,EEA,EUA
EUA,EU-27,IPCC Common Reporting Format,All greenhouse gases - (CO2 equivalent),1.B.2,1.B.2 - Oil and Natural Gas and Other Emissions from Energy Production,1.B,Gg CO2 equivalent,2019,37760.94112,,20250315,EEA,EUA
EUA,EU-27,IPCC Common Reporting Format,All greenhouse gases - (CO2 equivalent),2.B.5,2.B.5 - Carbide Production,2.B,Gg CO2 equivalent,2019,270.71328,,20250315,EEA,EUA
EUA,EU-27,IPCC Common Reporting Format,All greenhouse gases - (CO2 equivalent),2.B.9,2.B.9 - Fluorochemical Production,2.B,Gg CO2 equivalent,1990,23336.79413,,20250315,EEA,EUA
EUA,EU-27,IPCC Common Reporting Format,All greenhouse gases - (CO2 equivalent),2.C.2,2.C.2 - Ferroalloys Production,2.C,Gg CO2 equivalent,2019,2609.31857,,20250315,EEA,EUA
EUA,EU-27,IPCC Common Reporting Format,All greenhouse gases - (CO2 equivalent),2.C.4,2.C.4 - Magnesium Production,2.C,Gg CO2 equivalent,1990,474.7,,20250315,EEA,EUA
EUA,EU-27,IPCC Common Reporting Format,All greenhouse gases - (CO2 equivalent),2.C.6,2.C.6 - Zinc Production,2.C,Gg CO2 equivalent,1990,1610.31102,,20250315,EEA,EUA
EUA,EU-27,IPCC Common Reporting Format,All greenhouse gases - (CO2 equivalent),2.C.7,2.C.7 - Other Metal Industry,2.C,Gg CO2 equivalent,1990,1232.04976,,20250315,EEA,EUA
EUA,EU-27,IPCC Common Reporting Format,All greenhouse gases - (CO2 equivalent),2.D,2.D - Non-energy Products from Fuels and Solvent Use,2,Gg CO2 equivalent,1990,8021.36301,,20250315,EEA,EUA
EUA,EU-27,IPCC Common Reporting Format,All greenhouse gases - (CO2 equivalent),2.D.2,2.D.2 - Paraffin Wax Use,2.D,Gg CO2 equivalent,1990,631.00578,,20250315,EEA,EUA
EUA,EU-27,IPCC Common Reporting Format,All greenhouse gases - (CO2 equivalent),2.D.2,2.D.2 - Paraffin Wax Use,2.D,Gg CO2 equivalent,2019,1044.37843,,20250315,EEA,EUA
EUA,EU-27,IPCC Common Reporting Format,All greenhouse gases - (CO2 equivalent),2.E.3,2.E.3 - Photovoltaics,2.E,Gg CO2 equivalent,1990,,—,20250315,EEA,EUA
EUA,EU-27,IPCC Common Reporting Format,All greenhouse gases - (CO2 equivalent),2.F.5,2.F.5 - Solvents,2.F,Gg CO2 equivalent,1990,,—,20250315,EEA,EUA
EUA,EU-27,IPCC Common Reporting Format,All greenhouse gases - (CO2 equivalent),2.F.6,2.F.6 - Other Applications,2.F,Gg CO2 equivalent,2019,160.03651,,20250315,EEA,EUA
EUA,EU-27,IPCC Common Reporting Format,All greenhouse gases - (CO2 equivalent),2.G,2.G - Other Product Manufacture and Use,2,Gg CO2 equivalent,1990,11463.43868,,20250315,EEA,EUA
EUA,EU-27,IPCC Common Reporting Format,All greenhouse gases - (CO2 equivalent),2.H,2.H - Other Industrial Process and Product Use,2,Gg CO2 equivalent,1990,474.47747,,20250315,EEA,EUA
EUA,EU-27,IPCC Common Reporting Format,All greenhouse gases - (CO2 equivalent),3.B,3.B - Manure Management,3.1,Gg CO2 equivalent,2019,66055.20999,,20250315,EEA,EUA
EUA,EU-27,IPCC Common Reporting Format,All greenhouse gases - (CO2 equivalent),3.C,3.C - Rice Cultivation,3,Gg CO2 equivalent,2019,2833.89794,,20250315,EEA,EUA
EUA,EU-27,IPCC Common Reporting Format,All greenhouse gases - (CO2 equivalent),3.D.2,3.D.2 - Indirect N2O emissions from managed soils,3.D,Gg CO2 equivalent,1990,33007.52367,,20250315,EEA,EUA
EUA,EU-27,IPCC Common Reporting Format,All greenhouse gases - (CO2 equivalent),3.F.4,3.F.4 - Sugar cane,3.F,Gg CO2 equivalent,1990,10.55591,,20250315,EEA,EUA
EUA,EU-27,IPCC Common Reporting Format,All greenhouse gases - (CO2 equivalent),3.G,3.G - Liming,3,Gg CO2 equivalent,2019,4781.92331,,20250315,EEA,EUA
EUA,EU-27,IPCC Common Reporting Format,All greenhouse gases - (CO2 equivalent),4(II).B,4(II).B 4(II) Emissions and removals from drainage and rewetting and other management of organic and mineral soils,4.B,Gg CO2 equivalent,2019,1871.07459,,20250315,EEA,EUA
EUA,EU-27,IPCC Common Reporting Format,All greenhouse gases - (CO2 equivalent),4.B,4.B - Cropland,4,Gg CO2 equivalent,1990,75024.43987,,20250315,EEA,EUA
EUA,EU-27,IPCC Common Reporting Format,All greenhouse gases - (CO2 equivalent),4.C.1,4.C.1 - Grassland remaining grassland,4.C,Gg CO2 equivalent,1990,50128.47948,,20250315,EEA,EUA
EUA,EU-27,IPCC Common Reporting Format,All greenhouse gases - (CO2 equivalent),4.C.2,4.C.2 - Land converted to grassland,4.C,Gg CO2 equivalent,1990,-8169.15562,,20250315,EEA,EUA
EUA,EU-27,IPCC Common Reporting Format,All greenhouse gases - (CO2 equivalent),4.D.1,4.D.1 - Wetlands remaining wetlands,4.D,Gg CO2 equivalent,1990,18226.45281,,20250315,EEA,EUA
EUA,EU-27,IPCC Common Reporting Format,All greenhouse gases - (CO2 equivalent),4.E,4.E - Settlements,4,Gg CO2 equivalent,2019,25295.45924,,20250315,EEA,EUA
EUA,EU-27,IPCC Common Reporting Format,All greenhouse gases - (CO2 equivalent),4.F,4.F - Other Land,4,Gg CO2 equivalent,2019,1092.04004,,20250315,EEA,EUA
EUA,EU-27,IPCC Common Reporting Format,All greenhouse gases - (CO2 equivalent),4.F.2,4.F.2 - Land converted to other land,4.F,Gg CO2 equivalent,2019,1092.04004,,20250315,EEA,EUA
EUA,EU-27,IPCC Common Reporting Format,All greenhouse gases - (CO2 equivalent),5.A.2,5.A.2 - Unmanaged Waste Disposal Sites,5.A,Gg CO2 equivalent,1990,30221.46827,,20250315,EEA,EUA
EUA,EU-27,IPCC Common Reporting Format,All greenhouse gases - (CO2 equivalent),5.D.3,5.D.3 - Other Wastewater,5.D,Gg CO2 equivalent,1990,386.19539,,20250315,EEA,EUA
EUA,EU-27,IPCC Common Reporting Format,All greenhouse gases - (CO2 equivalent),6,6 - Other Sector,Sectors/Totals_incl_incl,Gg CO2 equivalent,1990,,"NA,NO",20250315,EEA,EUA
EUA,EU-27,IPCC Common Reporting Format,All greenhouse gases - (CO2 equivalent),6,6 - Other Sector,Sectors/Totals_incl_incl,Gg CO2 equivalent,2019,,"NA,NO",20250315,EEA,EUA
EUA,EU-27,IPCC Common Reporting Format,All greenhouse gases - (CO2 equivalent),Sectors/Totals_excl,Total emissions (UNFCCC),,Gg CO2 equivalent,2019,3587825.16639,,20250315,EEA,EUA
EUA,EU-27,IPCC Common Reporting Format,CH₄,1.A.1.a,1.A.1.a - Public Electricity and Heat Production,1.A.1,Gg,2019,123.65858,,20250315,EEA,EUA
EUA,EU-27,IPCC Common Reporting Format,CH₄,1.A.1.b,1.A.1.b - Petroleum Refining,1.A.1,Gg,1990,3.00667,,20250315,EEA,EUA
EUA,EU-27,IPCC Common Reporting Format,CH₄,1.A.1.c,1.A.1.c - Manufacture of Solid Fuels and Other Energy Industries,1.A.1,Gg,2019,7.39714,,20250315,EEA,EUA
EUA,EU-27,IPCC Common Reporting Format,CH₄,1.A.2.c,1.A.2.c - Chemicals,1.A.2,Gg,1990,4.99371,,20250315,EEA,EUA
EUA,EU-27,IPCC Common Reporting Format,CH₄,1.A.3.d,1.A.3.d - Domestic Navigation,1.A.3,Gg,2019,3.23795,,20250315,EEA,EUA
EUA,EU-27,IPCC Common Reporting Format,CH₄,1.A.4.a,1.A.4.a - Commercial/Institutional,1.A.4,Gg,2019,28.26741,,20250315,EEA,EUA
EUA,EU-27,IPCC Common Reporting Format,CH₄,1.A.4.c,1.A.4.c - Agriculture/Forestry/Fishing,1.A.4,Gg,1990,41.53227,,20250315,EEA,EUA
EUA,EU-27,IPCC Common Reporting Format,CH₄,1.B.1,1.B.1 - Solid Fuels,1.B,Gg,2019,946.81716,,20250315,EEA,EUA
EUA,EU-27,IPCC Common Reporting Format,CH₄,2.B.1,2.B.1 - Ammonia Production,2.B,Gg,1990,0.07367,,20250315,EEA,EUA
EUA,EU-27,IPCC Common Reporting Format,CH₄,2.B.10,2.B.10 - Other chemical industry,2.B,Gg,2019,3.94678,,20250315,EEA,EUA
EUA,EU-27,IPCC Common Reporting Format,CH₄,2.C,2.C - Metal Industry,2,Gg,1990,16.01789,,20250315,EEA,EUA
EUA,EU-27,IPCC Common Reporting Format,CH₄,2.C.2,2.C.2 - Ferroalloys Production,2.C,Gg,1990,1.02384,,20250315,EEA,EUA
EUA,EU-27,IPCC Common Reporting Format,CH₄,2.D,2.D - Non-energy Products from Fuels and Solvent Use,2,Gg,1990,0.09081,,20250315,EEA,EUA
EUA,EU-27,IPCC Common Reporting Format,CH₄,2.G,2.G - Other Product Manufacture and Use,2,Gg,1990,2.32901,,20250315,EEA,EUA
EUA,EU-27,IPCC Common Reporting Format,CH₄,3.B.1,3.B.1 - Manure Management - Cattle,3.B,Gg,1990,953.17909,,20250315,EEA,EUA
EUA,EU-27,IPCC Common Reporting Format,CH₄,3.C,3.C - Rice Cultivation,3,Gg,1990,110.68054,,20250315,EEA,EUA
EUA,EU-27,IPCC Common Reporting Format,CH₄,3.C.4,3.C.4 - Other Rice Cultivation,3.C,Gg,1990,,"NA,NO",20250315,EEA,EUA
EUA,EU-27,IPCC Common Reporting Format,CH₄,3.C.4,3.C.4 - Other Rice Cultivation,3.C,Gg,2019,,"NA,NO",20250315,EEA,EUA
EUA,EU-27,IPCC Common Reporting Format,CH₄,3.F.5,3.F.5 - Other Agricultural residues,3.F,Gg,1990,3.89522,,20250315,EEA,EUA
EUA,EU-27,IPCC Common Reporting Format,CH₄,4(II).B,4(II).B 4(II) Emissions and removals from drainage and rewetting and other management of organic and mineral soils,4.B,Gg,1990,43.90481,,20250315,EEA,EUA
EUA,EU-27,IPCC Common Reporting Format,CH₄,4.A,4.A - Forest Land,4,Gg,1990,116.81582,,20250315,EEA,EUA
EUA,EU-27,IPCC Common Reporting Format,CH₄,4.B.2,4.B.2 - Land converted to cropland,4.B,Gg,2019,7.98606,,20250315,EEA,EUA
EUA,EU-27,IPCC Common Reporting Format,CH₄,4.C,4.C - Grassland,4,Gg,2019,116.12043,,20250315,EEA,EUA
EUA,EU-27,IPCC Common Reporting Format,CH₄,4.F.2,4.F.2 - Land converted to other land,4.F,Gg,1990,0.00516,,20250315,EEA,EUA
EUA,EU-27,IPCC Common Reporting Format,CH₄,5,5 - Waste management,Sectors/Totals_incl_incl,Gg,2019,3522.00496,,20250315,EEA,EUA
EUA,EU-27,IPCC Common Reporting Format,CH₄,5.A.2,5.A.2 - Unmanaged Waste Disposal Sites,5.A,Gg,1990,1079.33815,,20250315,EEA,EUA
EUA,EU-27,IPCC Common Reporting Format,CH₄,5.B,5.B - Biological Treatment of Solid Waste,5,Gg,2019,158.73173,,20250315,EEA,EUA
EUA,EU-27,IPCC Common Reporting Format,CH₄,5.C,5.C - Incineration and Open Burning of Waste,5,Gg,2019,18.62245,,20250315,EEA,EUA
EUA,EU-27,IPCC Common Reporting Format,CH₄,5.C.2,5.C.2 - Open Burning of Waste,5.C,Gg,1990,14.78708,,20250315,EEA,EUA
EUA,EU-27,IPCC Common Reporting Format,CH₄,Sectors/Totals_incl,Total net emissions (UNFCCC),,Gg,2019,15174.48381,,20250315,EEA,EUA
EUA,EU-27,IPCC Common Reporting Format,CO₂,1.A.1,1.A.1 - Energy Industries,1.AA,Gg,2019,895944.10871,,20250315,EEA,EUA
EUA,EU-27,IPCC Common Reporting Format,CO₂,1.A.1.c,1.A.1.c - Manufacture of Solid Fuels and Other Energy Industries,1.A.1,Gg,1990,100786.4137,,20250315,EEA,EUA
EUA,EU-27,IPCC Common Reporting Format,CO₂,1.A.2.g,1.A.2.g - Other Manufacturing Industries and Constructions,1.A.2,Gg,1990,254717.07353,,20250315,EEA,EUA
EUA,EU-27,IPCC Common Reporting Format,CO₂,1.A.3.b,1.A.3.b - Road Transportation,1.A.3,Gg,1990,609764.35493,,20250315,EEA,EUA
EUA,EU-27,IPCC Common Reporting Format,CO₂,1.A.3.b.i,1.A.3.b.i - Cars,1.A.3.b,Gg,2019,481414.30113,,20250315,EEA,EUA
EUA,EU-27,IPCC Common Reporting Format,CO₂,1.A.3.b.ii,1.A.3.b.ii - Light duty trucks,1.A.3.b,Gg,2019,85447.98514,,20250315,EEA,EUA
EUA,EU-27,IPCC Common Reporting Format,CO₂,1.A.3.b.iv,1.A.3.b.iv - Motorcycles,1.A.3.b,Gg,1990,8094.57563,,20250315,EEA,EUA
EUA,EU-27,IPCC Common Reporting Format,CO₂,1.A.3.c,1.A.3.c - Railways,1.A.3,Gg,2019,3903.18578,,20250315,EEA,EUA
EUA,EU-27,IPCC Common Reporting Format,CO₂,1.A.4,1.A.4 - Other Sectors,1.AA,Gg,1990,683706.49002,,20250315,EEA,EUA
EUA,EU-27,IPCC Common Reporting Format,CO₂,1.A.4.a,1.A.4.a - Commercial/Institutional,1.A.4,Gg,2019,120268.76019,,20250315,EEA,EUA
EUA,EU-27,IPCC Common Reporting Format,CO₂,1.A.5,1.A.5 - Other Other Sectors,1.AA,Gg,2019,5922.92087,,20250315,EEA,EUA
EUA,EU-27,IPCC Common Reporting Format,CO₂,1.A.5.a,1.A.5.a - Stationary,1.A.5,Gg,2019,3457.55678,,20250315,EEA,EUA
EUA,EU-27,IPCC Common Reporting Format,CO₂,1.B.1,1.B.1 - Solid Fuels,1.B,Gg,2019,3656.39645,,20250315,EEA,EUA
EUA,EU-27,IPCC Common Reporting Format,CO₂,1.D.1.a,1.D.1.a - International Aviation,1.D.1,Gg,1990,54189.40449,,20250315,EEA,EUA
EUA,EU-27,IPCC Common Reporting Format,CO₂,1.D.1.a,1.D.1.a - International Aviation,1.D.1,Gg,2019,131691.17011,,20250315,EEA,EUA
EUA,EU-27,IPCC Common Reporting Format,CO₂,2.B.6,2.B.6 - Titanium Dioxide Production,2.B,Gg,1990,21.53495,,20250315,EEA,EUA
EUA,EU-27,IPCC Common Reporting Format,CO₂,2.B.8,2.B.8 - Petrochemical and Carbon Black Production,2.B,Gg,2019,15031.80895,,20250315,EEA,EUA
EUA,EU-27,IPCC Common Reporting Format,CO₂,2.C,2.C - Metal Industry,2,Gg,1990,114930.09952,,20250315,EEA,EUA
EUA,EU-27,IPCC Common Reporting Format,CO₂,2.C.5,2.C.5 - Lead Production,2.C,Gg,1990,391.48057,,20250315,EEA,EUA
EUA,EU-27,IPCC Common Reporting Format,CO₂,2.C.7,2.C.7 - Other Metal Industry,2.C,Gg,2019,220.66834,,20250315,EEA,EUA
EUA,EU-27,IPCC Common Reporting Format,CO₂,2.D,2.D - Non-energy Products from Fuels and Solvent Use,2,Gg,2019,6403.06235,,20250315,EEA,EUA
EUA,EU-27,IPCC Common Reporting Format,CO₂,2.D.3,2.D.3 - Other non energy products,2.D,Gg,1990,4371.49203,,20250315,EEA,EUA
EUA,EU-27,IPCC Common Reporting Format,CO₂,2.H,2.H - Other Industrial Process and Product Use,2,Gg,2019,125.77733,,20250315,EEA,EUA
EUA,EU-27,IPCC Common Reporting Format,CO₂,4(II).A,4(II).A 4(II) Emissions and removals from drainage and rewetting and other management of organic and mineral soils,4.A,Gg,2019,1775.56276,,20250315,EEA,EUA
EUA,EU-27,IPCC Common Reporting Format,CO₂,4(II).D,4(II).D 4(II)  Emissions and removals from drainage and rewetting and other management of organic and mineral soils,4.D,Gg,1990,1928.11851,,20250315,EEA,EUA
EUA,EU-27,IPCC Common Reporting Format,CO₂,4.B.1,4.B.1 - Cropland remaining cropland,4.B,Gg,1990,33669.78814,,20250315,EEA,EUA
EUA,EU-27,IPCC Common Reporting Format,CO₂,4.D.1,4.D.1 - Wetlands remaining wetlands,4.D,Gg,2019,11975.61895,,20250315,EEA,EUA
EUA,EU-27,IPCC Common Reporting Format,CO₂,4.D.2,4.D.2 - Land converted to wetlands,4.D,Gg,2019,3005.32025,,20250315,EEA,EUA
EUA,EU-27,IPCC Common Reporting Format,CO₂,4.E,4.E - Settlements,4,Gg,1990,21680.72917,,20250315,EEA,EUA
EUA,EU-27,IPCC Common Reporting Format,CO₂,4.E.2,4.E.2 - Land converted to settlements,4.E,Gg,2019,21107.36457,,20250315,EEA,EUA
EUA,EU-27,IPCC Common Reporting Format,CO₂,4.H,4.H - Other LULUCF,4,Gg,1990,,"NA,NO",20250315,EEA,EUA
EUA,EU-27,IPCC Common Reporting Format,CO₂,5.C.2,5.C.2 - Open Burning of Waste,5.C,Gg,1990,83.35854,,20250315,EEA,EUA
EUA,EU-27,IPCC Common Reporting Format,CO₂,5.C.2,5.C.2 - Open Burning of Waste,5.C,Gg,2019,38.43453,,20250315,EEA,EUA
EUA,EU-27,IPCC Common Reporting Format,CO₂,5.F.1,5.F.1 - Long-term Storage of C in Waste Disposal Sites,5.F,Gg,2019,222755.57907,,20250315,EEA,EUA
EUA,EU-27,IPCC Common Reporting Format,CO₂,ind_CO2,ind_CO2 - Indirect CO2,Sectors/Totals_incl_incl,Gg,1990,7641.66063,,20250315,EEA,EUA
EUA,EU-27,IPCC Common Reporting Format,CO₂,Sectors/Totals_incl,Total net emissions (UNFCCC),,Gg,2019,2700773.62509,,20250315,EEA,EUA
EUA,EU-27,IPCC Common Reporting Format,HFCs - (CO2 equivalent),2.B,2.B - Chemical Industry,2,Gg CO2 equivalent,1990,12809.45266,,20250315,EEA,EUA
EUA,EU-27,IPCC Common Reporting Format,HFCs - (CO2 equivalent),2.G,2.G - Other Product Manufacture and Use,2,Gg CO2 equivalent,2019,12.5921,,20250315,EEA,EUA
EUA,EU-27,IPCC Common Reporting Format,HFCs - (CO2 equivalent),2.H,2.H - Other Industrial Process and Product Use,2,Gg CO2 equivalent,1990,0.00871,,20250315,EEA,EUA
EUA,EU-27,IPCC Common Reporting Format,HFCs - (CO2 equivalent),Sectors/Totals_excl,Total emissions (UNFCCC),,Gg CO2 equivalent,2019,71212.94884,,20250315,EEA,EUA
EUA,EU-27,IPCC Common Reporting Format,N₂O,1.A.1,1.A.1 - Energy Industries,1.AA,Gg,2019,20.142,,20250315,EEA,EUA
EUA,EU-27,IPCC Common Reporting Format,N₂O,1.A.1.c,1.A.1.c - Manufacture of Solid Fuels and Other Energy Industries,1.A.1,Gg,2019,0.79148,,20250315,EEA,EUA
EUA,EU-27,IPCC Common Reporting Format,N₂O,1.A.2.a,1.A.2.a - Iron and Steel,1.A.2,Gg,2019,0.69096,,20250315,EEA,EUA
EUA,EU-27,IPCC Common Reporting Format,N₂O,1.A.2.c,1.A.2.c - Chemicals,1.A.2,Gg,2019,0.61313,,20250315,EEA,EUA
EUA,EU-27,IPCC Common Reporting Format,N₂O,1.A.2.g,1.A.2.g - Other Manufacturing Industries and Constructions,1.A.2,Gg,1990,7.31223,,20250315,EEA,EUA
EUA,EU-27,IPCC Common Reporting Format,N₂O,1.A.3,1.A.3 - Transport,1.AA,Gg,1990,21.67911,,20250315,EEA,EUA
EUA,EU-27,IPCC Common Reporting Format,N₂O,1.A.3.b.iii,1.A.3.b.iii - Heavy duty trucks and buses,1.A.3.b,Gg,2019,9.5505,,20250315,EEA,EUA
EUA,EU-27,IPCC Common Reporting Format,N₂O,1.A.3.d,1.A.3.d - Domestic Navigation,1.A.3,Gg,2019,0.84373,,20250315,EEA,EUA
EUA,EU-27,IPCC Common Reporting Format,N₂O,1.A.3.e,1.A.3.e - Other Transportation,1.A.3,Gg,1990,0.19966,,20250315,EEA,EUA
EUA,EU-27,IPCC Common Reporting Format,N₂O,1.A.5.b,1.A.5.b - Mobile,1.A.5,Gg,1990,0.4287,,20250315,EEA,EUA
EUA,EU-27,IPCC Common Reporting Format,N₂O,1.B,1.B - Fugitive Emissions from Fuels,1,Gg,2019,0.10134,,20250315,EEA,EUA
EUA,EU-27,IPCC Common Reporting Format,N₂O,1.D.1,1.D.1 - International Bunkers,1.D,Gg,1990,5.11315,,20250315,EEA,EUA
EUA,EU-27,IPCC Common Reporting Format,N₂O,1.D.2,1.D.2 - Multilateral Operations,1.D,Gg,2019,2e-05,,20250315,EEA,EUA
EUA,EU-27,IPCC Common Reporting Format,N₂O,2.B.3,2.B.3 - Adipic Acid Production,2.B,Gg,1990,126.63251,,20250315,EEA,EUA
EUA,EU-27,IPCC Common Reporting Format,N₂O,2.B.3,2.B.3 - Adipic Acid Production,2.B,Gg,2019,0.98686,,20250315,EEA,EUA
EUA,EU-27,IPCC Common Reporting Format,N₂O,2.C.7,2.C.7 - Other Metal Industry,2.C,Gg,1990,0.09255,,20250315,EEA,EUA
EUA,EU-27,IPCC Common Reporting Format,N₂O,2.H,2.H - Other Industrial Process and Product Use,2,Gg,1990,0.21394,,20250315,EEA,EUA
EUA,EU-27,IPCC Common Reporting Format,N₂O,3.D,3.D - Agricultural Soils,3,Gg,2019,440.41059,,20250315,EEA,EUA
EUA,EU-27,IPCC Common Reporting Format,N₂O,3.F.1,3.F.1 - Cereals,3.F,Gg,2019,0.45922,,20250315,EEA,EUA
EUA,EU-27,IPCC Common Reporting Format,N₂O,4.A.1,4.A.1 - Forest Land remaining forest land,4.A,Gg,1990,16.77405,,20250315,EEA,EUA
EUA,EU-27,IPCC Common Reporting Format,N₂O,4.A.1,4.A.1 - Forest Land remaining forest land,4.A,Gg,2019,16.86351,,20250315,EEA,EUA
EUA,EU-27,IPCC Common Reporting Format,N₂O,4.B,4.B - Cropland,4,Gg,1990,9.11981,,20250315,EEA,EUA
EUA,EU-27,IPCC Common Reporting Format,N₂O,4.F.2,4.F.2 - Land converted to other land,4.F,Gg,2019,0.25008,,20250315,EEA,EUA
EUA,EU-27,IPCC Common Reporting Format,N₂O,5.B.2,5.B.2 - Anaerobic Digestion at Biogas Facilities,5.B,Gg,1990,,"IE,NA,NE,NO",20250315,EEA,EUA
EUA,EU-27,IPCC Common Reporting Format,N₂O,5.C.2,5.C.2 - Open Burning of Waste,5.C,Gg,1990,0.9943,,20250315,EEA,EUA
EUA,EU-27,IPCC Common Reporting Format,N₂O,5.E,5.E - Other Disposal,5,Gg,2019,0.11346,,20250315,EEA,EUA
EUA,EU-27,IPCC Common Reporting Format,NF3 - (CO2 equivalent),2.E,2.E - Electronics Industry,2,Gg CO2 equivalent,2019,65.43789,,20250315,EEA,EUA
EUA,EU-27,IPCC Common Reporting Format,NF3 - (CO2 equivalent),2.E.2,2.E.2 - TFT Flat Panel Display,2.E,Gg CO2 equivalent,1990,,NO,20250315,EEA,EUA
EUA,EU-27,IPCC Common Reporting Format,NF3 - (CO2 equivalent),2.E.2,2.E.2 - TFT Flat Panel Display,2.E,Gg CO2 equivalent,2019,,NO,20250315,EEA,EUA
EUA,EU-27,IPCC Common Reporting Format,NF3 - (CO2 equivalent),2.E.3,2.E.3 - Photovoltaics,2.E,Gg CO2 equivalent,1990,,NO,20250315,EEA,EUA
EUA,EU-27,IPCC Common Reporting Format,NF3 - (CO2 equivalent),2.E.3,2.E.3 - Photovoltaics,2.E,Gg CO2 equivalent,2019,,NO,20250315,EEA,EUA
EUA,EU-27,IPCC Common Reporting Format,NF3 - (CO2 equivalent),2.F.4,2.F.4 - Aerosols,2.F,Gg CO2 equivalent,1990,,NO,20250315,EEA,EUA
EUA,EU-27,IPCC Common Reporting Format,NF3 - (CO2 equivalent),2.F.4,2.F.4 - Aerosols,2.F,Gg CO2 equivalent,2019,,NO,20250315,EEA,EUA
EUA,EU-27,IPCC Common Reporting Format,NF3 - (CO2 equivalent),Sectors/Totals_excl,Total emissions (UNFCCC),,Gg CO2 equivalent,2019,65.43789,,20250315,EEA,EUA
EUA,EU-27,IPCC Common Reporting Format,PFCs - (CO2 equivalent),2,2 - Industrial Processes and Product Use,Sectors/Totals_incl_incl,Gg CO2 equivalent,1990,21787.37208,,20250315,EEA,EUA
EUA,EU-27,IPCC Common Reporting Format,PFCs - (CO2 equivalent),2.B,2.B - Chemical Industry,2,Gg CO2 equivalent,1990,3955.41921,,20250315,EEA,EUA
EUA,EU-27,IPCC Common Reporting Format,PFCs - (CO2 equivalent),2.B.9,2.B.9 - Fluorochemical Production,2.B,Gg CO2 equivalent,1990,3955.41921,,20250315,EEA,EUA
EUA,EU-27,IPCC Common Reporting Format,PFCs - (CO2 equivalent),2.B.9,2.B.9 - Fluorochemical Production,2.B,Gg CO2 equivalent,2019,939.33559,,20250315,EEA,EUA
EUA,EU-27,IPCC Common Reporting Format,PFCs - (CO2 equivalent),2.C.3,2.C.3 - Aluminium Production,2.C,Gg CO2 equivalent,2019,370.0503,,20250315,EEA,EUA
EUA,EU-27,IPCC Common Reporting Format,PFCs - (CO2 equivalent),2.H,2.H - Other Industrial Process and Product Use,2,Gg CO2 equivalent,2019,1.03185,,20250315,EEA,EUA
EUA,EU-27,IPCC Common Reporting Format,SF6 - (CO2 equivalent),2.B,2.B - Chemical Industry,2,Gg CO2 equivalent,2019,133.62064,,20250315,EEA,EUA
EUA,EU-27,IPCC Common Reporting Format,SF6 - (CO2 equivalent),2.C,2.C - Metal Industry,2,Gg CO2 equivalent,2019,86.53824,,20250315,EEA,EUA
EUA,EU-27,IPCC Common Reporting Format,SF6 - (CO2 equivalent),2.E,2.E - Electronics Industry,2,Gg CO2 equivalent,1990,245.04127,,20250315,EEA,EUA
EUA,EU-27,IPCC Common Reporting Format,SF6 - (CO2 equivalent),Sectors/Totals_excl,Total emissions (UNFCCC),,Gg CO2 equivalent,1990,9900.16973,,20250315,EEA,EUA
EUA,EU-27,IPCC Common Reporting Format,Unspecified mix of HFCs and PFCs - (CO2 equivalent),2.C.4,2.C.4 - Magnesium Production,2.C,Gg CO2 equivalent,1990,,NO,20250315,EEA,EUA
EUA,EU-27,IPCC Common Reporting Format,Unspecified mix of HFCs and PFCs - (CO2 equivalent),2.C.4,2.C.4 - Magnesium Production,2.C,Gg CO2 equivalent,2019,,NO,20250315,EEA,EUA
EUA,EU-27,IPCC Common Reporting Format,Unspecified mix of HFCs and PFCs - (CO2 equivalent),2.C.7,2.C.7 - Other Metal Industry,2.C,Gg CO2 equivalent,1990,,"NA,NO",20250315,EEA,EUA
EUA,EU-27,IPCC Common Reporting Format,Unspecified mix of HFCs and PFCs - (CO2 equivalent),2.E.5,2.E.5 - Other electronics industry,2.E,Gg CO2 equivalent,1990,,NO,20250315,EEA,EUA
EUA,EU-27,IPCC Common Reporting Format,Unspecified mix of HFCs and PFCs - (CO2 equivalent),2.E.5,2.E.5 - Other electronics industry,2.E,Gg CO2 equivalent,2019,,NO,20250315,EEA,EUA
EUA,EU-27,IPCC Common Reporting Format,Unspecified mix of HFCs and PFCs - (CO2 equivalent),6,6 - Other Sector,Sectors/Totals_incl_incl,Gg CO2 equivalent,1990,,"NA,NO",20250315,EEA,EUA
EUA,EU-27,IPCC Common Reporting Format,Unspecified mix of HFCs and PFCs - (CO2 equivalent),6,6 - Other Sector,Sectors/Totals_incl_incl,Gg CO2 equivalent,2019,,"NA,NO",20250315,EEA,EUA
EUA,EU-27,IPCC Common Reporting Format,All greenhouse gases - (CO2 equivalent),1.A.1,1.A.1 - Energy Industries,1.AA,Gg CO2 equivalent,1990,1441466.07488,,20250315,EEA,EUA
EUA,EU-27,IPCC Common Reporting Format,All greenhouse gases - (CO2 equivalent),1.A.1,1.A.1 - Energy Industries,1.AA,Gg CO2 equivalent,2019,905025.78334,,20250315,EEA,EUA
EUA,EU-27,IPCC Common Reporting Format,All greenhouse gases - (CO2 equivalent),1.A.1.a,1.A.1.a - Public Electricity and Heat Production,1.A.1,Gg CO2 equivalent,2019,764590.08737,,20250315,EEA,EUA
EUA,EU-27,IPCC Common Reporting Format,All greenhouse gases - (CO2 equivalent),1.A.2,1.A.2 - Manufacturing Industries and Construction,1.AA,Gg CO2 equivalent,1990,721094.00068,,20250315,EEA,EUA
EUA,EU-27,IPCC Common Reporting Format,All greenhouse gases - (CO2 equivalent),1.A.2.a,1.A.2.a - Iron and Steel,1.A.2,Gg CO2 equivalent,2019,78395.31034,,20250315,EEA,EUA
EUA,EU-27,IPCC Common Reporting Format,All greenhouse gases - (CO2 equivalent),1.A.2.e,"1.A.2.e - Food Processing, Beverages and Tobacco",1.A.2,Gg CO2 equivalent,2019,36125.09239,,20250315,EEA,EUA
EUA,EU-27,IPCC Common Reporting Format,All greenhouse gases - (CO2 equivalent),1.A.4.b,1.A.4.b - Residential,1.A.4,Gg CO2 equivalent,1990,450097.42076,,20250315,EEA,EUA
EUA,EU-27,IPCC Common Reporting Format,All greenhouse gases - (CO2 equivalent),1.A.5,1.A.5 - Other Other Sectors,1.AA,Gg CO2 equivalent,2019,5977.33791,,20250315,EEA,EUA
EUA,EU-27,IPCC Common Reporting Format,All greenhouse gases - (CO2 equivalent),1.A.5.b,1.A.5.b - Mobile,1.A.5,Gg CO2 equivalent,2019,2497.25132,,20250315,EEA,EUA
EUA,EU-27,IPCC Common Reporting Format,All greenhouse gases - (CO2 equivalent),1.B.1,1.B.1 - Solid Fuels,1.B,Gg CO2 equivalent,1990,89405.9479,,20250315,EEA,EUA
EUA,EU-27,IPCC Common Reporting Format,All greenhouse gases - (CO2 equivalent),1.D.1,1.D.1 - International Bunkers,1.D,Gg CO2 equivalent,2019,268940.97605,,20250315,EEA,EUA
EUA,EU-27,IPCC Common Reporting Format,All greenhouse gases - (CO2 equivalent),2.A,2.A - Mineral Industry,2,Gg CO2 equivalent,2019,105204.05085,,20250315,EEA,EUA
EUA,EU-27,IPCC Common Reporting Format,All greenhouse gases - (CO2 equivalent),2.A.4,2.A.4 - Other Process Uses of Carbonates,2.A,Gg CO2 equivalent,1990,11068.34199,,20250315,EEA,EUA
EUA,EU-27,IPCC Common Reporting Format,All greenhouse gases - (CO2 equivalent),2.B.1,2.B.1 - Ammonia Production,2.B,Gg CO2 equivalent,1990,31626.40853,,20250315,EEA,EUA
EUA,EU-27,IPCC Common Reporting Format,All greenhouse gases - (CO2 equivalent),2.B.2,2.B.2 - Nitric Acid Production,2.B,Gg CO2 equivalent,1990,40775.74212,,20250315,EEA,EUA
EUA,EU-27,IPCC Common Reporting Format,All greenhouse gases - (CO2 equivalent),2.B.4,"2.B.4 - Caprolactam, Glyoxal and Glyoxylic Acid Production",2.B,Gg CO2 equivalent,1990,3769.65166,,20250315,EEA,EUA
EUA,EU-27,IPCC Common Reporting Format,All greenhouse gases - (CO2 equivalent),2.B.7,2.B.7 - Soda Ash Production,2.B,Gg CO2 equivalent,1990,1965.9743,,20250315,EEA,EUA
EUA,EU-27,IPCC Common Reporting Format,All greenhouse gases - (CO2 equivalent),2.B.8,2.B.8 - Petrochemical and Carbon Black Production,2.B,Gg CO2 equivalent,1990,14814.13621,,20250315,EEA,EUA
EUA,EU-27,IPCC Common Reporting Format,All greenhouse gases - (CO2 equivalent),2.B.9,2.B.9 - Fluorochemical Production,2.B,Gg CO2 equivalent,2019,2673.62741,,20250315,EEA,EUA
EUA,EU-27,IPCC Common Reporting Format,All greenhouse gases - (CO2 equivalent),2.E.2,2.E.2 - TFT Flat Panel Display,2.E,Gg CO2 equivalent,1990,,—,20250315,EEA,EUA
EUA,EU-27,IPCC Common Reporting Format,All greenhouse gases - (CO2 equivalent),2.E.2,2.E.2 - TFT Flat Panel Display,2.E,Gg CO2 equivalent,2019,,—,20250315,EEA,EUA
EUA,EU-27,IPCC Common Reporting Format,All greenhouse gases - (CO2 equivalent),2.E.3,2.E.3 - Photovoltaics,2.E,Gg CO2 equivalent,2019,,—,20250315,EEA,EUA
EUA,EU-27,IPCC Common Reporting Format,All greenhouse gases - (CO2 equivalent),2.F.4,2.F.4 - Aerosols,2.F,Gg CO2 equivalent,1990,1.46472,,20250315,EEA,EUA
EUA,EU-27,IPCC Common Reporting Format,All greenhouse gases - (CO2 equivalent),3.F.1,3.F.1 - Cereals,3.F,Gg CO2 equivalent,1990,1706.05234,,20250315,EEA,EUA
EUA,EU-27,IPCC Common Reporting Format,All greenhouse gases - (CO2 equivalent),3.H,3.H - Urea Application,3,Gg CO2 equivalent,2019,3881.88132,,20250315,EEA,EUA
EUA,EU-27,IPCC Common Reporting Format,All greenhouse gases - (CO2 equivalent),3.I,3.I - Other Carbon-containing Fertilizers,3,Gg CO2 equivalent,2019,754.2922,,20250315,EEA,EUA
EUA,EU-27,IPCC Common Reporting Format,All greenhouse gases - (CO2 equivalent),3.J,3.J - Other agriculture emissions,3,Gg CO2 equivalent,1990,0.42053,,20250315,EEA,EUA
EUA,EU-27,IPCC Common Reporting Format,All greenhouse gases - (CO2 equivalent),3.J,3.J - Other agriculture emissions,3,Gg CO2 equivalent,2019,1604.85821,,20250315,EEA,EUA
EUA,EU-27,IPCC Common Reporting Format,All greenhouse gases - (CO2 equivalent),4,"4 - Land Use, Land-Use Change and Forestry",Sectors/Totals_incl_incl,Gg CO2 equivalent,2019,-192338.74668,,20250315,EEA,EUA
EUA,EU-27,IPCC Common Reporting Format,All greenhouse gases - (CO2 equivalent),4(II).A,4(II).A 4(II) Emissions and removals from drainage and rewetting and other management of organic and mineral soils,4.A,Gg CO2 equivalent,1990,7546.24251,,20250315,EEA,EUA
EUA,EU-27,IPCC Common Reporting Format,All greenhouse gases - (CO2 equivalent),4(II).D,4(II).D 4(II)  Emissions and removals from drainage and rewetting and other management of organic and mineral soils,4.D,Gg CO2 equivalent,2019,10574.1589,,20250315,EEA,EUA
EUA,EU-27,IPCC Common Reporting Format,All greenhouse gases - (CO2 equivalent),4.B,4.B - Cropland,4,Gg CO2 equivalent,2019,36399.40824,,20250315,EEA,EUA
EUA,EU-27,IPCC Common Reporting Format,All greenhouse gases - (CO2 equivalent),4.B.1,4.B.1 - Cropland remaining cropland,4.B,Gg CO2 equivalent,2019,14076.2199,,20250315,EEA,EUA
EUA,EU-27,IPCC Common Reporting Format,All greenhouse gases - (CO2 equivalent),4.D,4.D - Wetlands,4,Gg CO2 equivalent,1990,19381.00659,,20250315,EEA,EUA
EUA,EU-27,IPCC Common Reporting Format,All greenhouse gases - (CO2 equivalent),4.D.2,4.D.2 - Land converted to wetlands,4.D,Gg CO2 equivalent,1990,1154.55378,,20250315,EEA,EUA
EUA,EU-27,IPCC Common Reporting Format,All greenhouse gases - (CO2 equivalent),5.A.3,5.A.3 - Uncategorized Waste Disposal Sites,5.A,Gg CO2 equivalent,1990,3091.89135,,20250315,EEA,EUA
EUA,EU-27,IPCC Common Reporting Format,All greenhouse gases - (CO2 equivalent),5.C,5.C - Incineration and Open Burning of Waste,5,Gg CO2 equivalent,1990,4266.67244,,20250315,EEA,EUA
EUA,EU-27,IPCC Common Reporting Format,All greenhouse gases - (CO2 equivalent),5.F.2,5.F.2 - Annual Change in Total Long-term C Storage,5.F,Gg CO2 equivalent,1990,5388.30248,,20250315,EEA,EUA
EUA,EU-27,IPCC Common Reporting Format,All greenhouse gases - (CO2 equivalent),5.F.2,5.F.2 - Annual Change in Total Long-term C Storage,5.F,Gg CO2 equivalent,2019,2177.69574,,20250315,EEA,EUA
EUA,EU-27,IPCC Common Reporting Format,CH₄,1,1 - Energy,Sectors/Totals_incl_incl,Gg,1990,6302.90126,,20250315,EEA,EUA
EUA,EU-27,IPCC Common Reporting Format,CH₄,1.A.1.b,1.A.1.b - Petroleum Refining,1.A.1,Gg,2019,2.66019,,20250315,EEA,EUA
EUA,EU-27,IPCC Common Reporting Format,CH₄,1.A.2.e,"1.A.2.e - Food Processing, Beverages and Tobacco",1.A.2,Gg,1990,2.84906,,20250315,EEA,EUA
EUA,EU-27,IPCC Common Reporting Format,CH₄,1.A.3.b.iv,1.A.3.b.iv - Motorcycles,1.A.3.b,Gg,1990,18.44445,,20250315,EEA,EUA
EUA,EU-27,IPCC Common Reporting Format,CH₄,1.A.3.c,1.A.3.c - Railways,1.A.3,Gg,1990,1.29188,,20250315,EEA,EUA
EUA,EU-27,IPCC Common Reporting Format,CH₄,2.B,2.B - Chemical Industry,2,Gg,2019,48.7663,,20250315,EEA,EUA
EUA,EU-27,IPCC Common Reporting Format,CH₄,2.B.5,2.B.5 - Carbide Production,2.B,Gg,1990,0.22277,,20250315,EEA,EUA
EUA,EU-27,IPCC Common Reporting Format,CH₄,2.B.5,2.B.5 - Carbide Production,2.B,Gg,2019,0.34185,,20250315,EEA,EUA
EUA,EU-27,IPCC Common Reporting Format,CH₄,2.D.2,2.D.2 - Paraffin Wax Use,2.D,Gg,2019,0.01511,,20250315,EEA,EUA
EUA,EU-27,IPCC Common Reporting Format,CH₄,2.H,2.H - Other Industrial Process and Product Use,2,Gg,2019,0.33915,,20250315,EEA,EUA
EUA,EU-27,IPCC Common Reporting Format,CH₄,3,3 - Agriculture,Sectors/Totals_incl_incl,Gg,2019,8451.84666,,20250315,EEA,EUA
EUA,EU-27,IPCC Common Reporting Format,CH₄,3.A.2,3.A.2 - Enteric Fermentation - Sheep,3.A,Gg,1990,827.82767,,20250315,EEA,EUA
EUA,EU-27,IPCC Common Reporting Format,CH₄,3.A.3,3.A.3 - Enteric Fermentation - Swine,3.A,Gg,2019,159.63053,,20250315,EEA,EUA
EUA,EU-27,IPCC Common Reporting Format,CH₄,3.B,3.B - Manure Management,3.1,Gg,2019,1685.76508,,20250315,EEA,EUA
EUA,EU-27,IPCC Common Reporting Format,CH₄,3.C.2,3.C.2 - Rainfed,3.C,Gg,1990,,NO,20250315,EEA,EUA
EUA,EU-27,IPCC Common Reporting Format,CH₄,3.C.2,3.C.2 - Rainfed,3.C,Gg,2019,,NO,20250315,EEA,EUA
EUA,EU-27,IPCC Common Reporting Format,CH₄,3.D,3.D - Agricultural Soils,3,Gg,1990,,"IE,NA,NE,NO",20250315,EEA,EUA
EUA,EU-27,IPCC Common Reporting Format,CH₄,3.D,3.D - Agricultural Soils,3,Gg,2019,,"IE,NA,NE,NO",20250315,EEA,EUA
EUA,EU-27,IPCC Common Reporting Format,CH₄,3.F.4,3.F.4 - Sugar cane,3.F,Gg,1990,0.30272,,20250315,EEA,EUA
EUA,EU-27,IPCC Common Reporting Format,CH₄,4,"4 - Land Use, Land-Use Change and Forestry",Sectors/Totals_incl_incl,Gg,1990,644.413,,20250315,EEA,EUA
EUA,EU-27,IPCC Common Reporting Format,CH₄,4,"4 - Land Use, Land-Use Change and Forestry",Sectors/Totals_incl_incl,Gg,2019,532.90929,,20250315,EEA,EUA
EUA,EU-27,IPCC Common Reporting Format,CH₄,4(II).C,4(II).C 4(II) Emissions and removals from drainage and rewetting and other management of organic and mineral soils,4.C,Gg,2019,103.52825,,20250315,EEA,EUA
EUA,EU-27,IPCC Common Reporting Format,CH₄,4.A,4.A - Forest Land,4,Gg,2019,69.24347,,20250315,EEA,EUA
EUA,EU-27,IPCC Common Reporting Format,All greenhouse gases - (CO2 equivalent),1.A.1.a,1.A.1.a - Public Electricity and Heat Production,1.A.1,Gg CO2 equivalent,1990,1232097.84187,,20250315,EEA,EUA
EUA,EU-27,IPCC Common Reporting Format,CH₄,4.A.2,4.A.2 - Land converted to forest land,4.A,Gg,2019,2.08284,,20250315,EEA,EUA
EUA,EU-27,IPCC Common Reporting Format,CH₄,4.B,4.B - Cropland,4,Gg,2019,34.31818,,20250315,EEA,EUA
EUA,EU-27,IPCC Common Reporting Format,CH₄,4.F.2,4.F.2 - Land converted to other land,4.F,Gg,2019,0.00509,,20250315,EEA,EUA
EUA,EU-27,IPCC Common Reporting Format,CH₄,4.H,4.H - Other LULUCF,4,Gg,2019,8.736,,20250315,EEA,EUA
EUA,EU-27,IPCC Common Reporting Format,CH₄,5.A,5.A - Solid Waste Disposal,5,Gg,1990,4833.5086,,20250315,EEA,EUA
EUA,EU-27,IPCC Common Reporting Format,CH₄,5.A.1,5.A.1 - Managed Waste Disposal Sites,5.A,Gg,2019,2355.26607,,20250315,EEA,EUA
EUA,EU-27,IPCC Common Reporting Format,CH₄,5.B,5.B - Biological Treatment of Solid Waste,5,Gg,1990,18.60398,,20250315,EEA,EUA
EUA,EU-27,IPCC Common Reporting Format,CH₄,5.B.1,5.B.1 - Waste Composting,5.B,Gg,2019,103.60503,,20250315,EEA,EUA
EUA,EU-27,IPCC Common Reporting Format,CH₄,5.C.1,5.C.1 - Waste Incineration,5.C,Gg,2019,0.6778,,20250315,EEA,EUA
EUA,EU-27,IPCC Common Reporting Format,CH₄,5.D.3,5.D.3 - Other Wastewater,5.D,Gg,1990,8.92167,,20250315,EEA,EUA
EUA,EU-27,IPCC Common Reporting Format,CH₄,Sectors/Totals_incl,Total net emissions (UNFCCC),,Gg,1990,23955.78601,,20250315,EEA,EUA
EUA,EU-27,IPCC Common Reporting Format,CO₂,1.A,1.A - Fuel combustion activities (sectoral approach),1,Gg,1990,3517092.32597,,20250315,EEA,EUA
EUA,EU-27,IPCC Common Reporting Format,CO₂,1.A.1.a,1.A.1.a - Public Electricity and Heat Production,1.A.1,Gg,2019,756306.30342,,20250315,EEA,EUA
EUA,EU-27,IPCC Common Reporting Format,CO₂,1.A.2,1.A.2 - Manufacturing Industries and Construction,1.AA,Gg,1990,715453.52295,,20250315,EEA,EUA
EUA,EU-27,IPCC Common Reporting Format,CO₂,1.A.2.a,1.A.2.a - Iron and Steel,1.A.2,Gg,2019,78068.92728,,20250315,EEA,EUA
EUA,EU-27,IPCC Common Reporting Format,All greenhouse gases - (CO2 equivalent),1.A.2.b,1.A.2.b - Non-Ferrous Metals,1.A.2,Gg CO2 equivalent,2019,8790.94213,,20250315,EEA,EUA
EUA,EU-27,IPCC Common Reporting Format,All greenhouse gases - (CO2 equivalent),1.A.2.d,"1.A.2.d - Pulp, Paper and Print",1.A.2,Gg CO2 equivalent,2019,24501.54631,,20250315,EEA,EUA
EUA,EU-27,IPCC Common Reporting Format,CO₂,1.A.2.e,"1.A.2.e - Food Processing, Beverages and Tobacco",1.A.2,Gg,2019,35459.88346,,20250315,EEA,EUA
EUA,EU-27,IPCC Common Reporting Format,CO₂,1.A.2.f,1.A.2.f - Non-metallic minerals,1.A.2,Gg,1990,127259.15716,,20250315,EEA,EUA
EUA,EU-27,IPCC Common Reporting Format,CO₂,1.A.3,1.A.3 - Transport,1.AA,Gg,2019,825145.38974,,20250315,EEA,EUA
EUA,EU-27,IPCC Common Reporting Format,CO₂,1.A.3.b.iii,1.A.3.b.iii - Heavy duty trucks and buses,1.A.3.b,Gg,1990,162205.02269,,20250315,EEA,EUA
EUA,EU-27,IPCC Common Reporting Format,CO₂,1.A.4.b,1.A.4.b - Residential,1.A.4,Gg,1990,426454.13059,,20250315,EEA,EUA
EUA,EU-27,IPCC Common Reporting Format,CO₂,1.A.5,1.A.5 - Other Other Sectors,1.AA,Gg,1990,21917.06968,,20250315,EEA,EUA
EUA,EU-27,IPCC Common Reporting Format,All greenhouse gases - (CO2 equivalent),1.A.2.g,1.A.2.g - Other Manufacturing Industries and Constructions,1.A.2,Gg CO2 equivalent,2019,124898.10159,,20250315,EEA,EUA
EUA,EU-27,IPCC Common Reporting Format,All greenhouse gases - (CO2 equivalent),1.A.3.b.iv,1.A.3.b.iv - Motorcycles,1.A.3.b,Gg CO2 equivalent,2019,9800.07845,,20250315,EEA,EUA
EUA,EU-27,IPCC Common Reporting Format,All greenhouse gases - (CO2 equivalent),1.A.3.c,1.A.3.c - Railways,1.A.3,Gg CO2 equivalent,1990,12848.01921,,20250315,EEA,EUA
EUA,EU-27,IPCC Common Reporting Format,CO₂,1.D.1,1.D.1 - International Bunkers,1.D,Gg,1990,153918.18932,,20250315,EEA,EUA
EUA,EU-27,IPCC Common Reporting Format,CO₂,1.D.3,1.D.3 - CO2 emissions from biomass,1.D,Gg,2019,567387.73271,,20250315,EEA,EUA
EUA,EU-27,IPCC Common Reporting Format,All greenhouse gases - (CO2 equivalent),1.A.5.b,1.A.5.b - Mobile,1.A.5,Gg CO2 equivalent,1990,8243.48418,,20250315,EEA,EUA
EUA,EU-27,IPCC Common Reporting Format,CO₂,2.A.4,2.A.4 - Other Process Uses of Carbonates,2.A,Gg,1990,11068.34199,,20250315,EEA,EUA
EUA,EU-27,IPCC Common Reporting Format,CO₂,2.B,2.B - Chemical Industry,2,Gg,2019,54156.5426,,20250315,EEA,EUA
EUA,EU-27,IPCC Common Reporting Format,CO₂,2.B.10,2.B.10 - Other chemical industry,2.B,Gg,1990,9169.46093,,20250315,EEA,EUA
EUA,EU-27,IPCC Common Reporting Format,CO₂,2.C,2.C - Metal Industry,2,Gg,2019,74254.92801,,20250315,EEA,EUA
EUA,EU-27,IPCC Common Reporting Format,CO₂,3,3 - Agriculture,Sectors/Totals_incl_incl,Gg,1990,14192.94271,,20250315,EEA,EUA
EUA,EU-27,IPCC Common Reporting Format,CO₂,3.H,3.H - Urea Application,3,Gg,2019,3881.88132,,20250315,EEA,EUA
EUA,EU-27,IPCC Common Reporting Format,CO₂,4,"4 - Land Use, Land-Use Change and Forestry",Sectors/Totals_incl_incl,Gg,2019,-217435.5412,,20250315,EEA,EUA
EUA,EU-27,IPCC Common Reporting Format,CO₂,4(II).D,4(II).D 4(II)  Emissions and removals from drainage and rewetting and other management of organic and mineral soils,4.D,Gg,2019,1982.13965,,20250315,EEA,EUA
EUA,EU-27,IPCC Common Reporting Format,CO₂,4(IV).F,4(IV).F 4.F Biomass Burning,4.F,Gg,1990,,"NA,NE,NO",20250315,EEA,EUA
EUA,EU-27,IPCC Common Reporting Format,CO₂,4(IV).F,4(IV).F 4.F Biomass Burning,4.F,Gg,2019,,"NA,NE,NO",20250315,EEA,EUA
EUA,EU-27,IPCC Common Reporting Format,CO₂,4.B,4.B - Cropland,4,Gg,1990,71115.59966,,20250315,EEA,EUA
EUA,EU-27,IPCC Common Reporting Format,CO₂,4.B.1,4.B.1 - Cropland remaining cropland,4.B,Gg,2019,13295.18288,,20250315,EEA,EUA
EUA,EU-27,IPCC Common Reporting Format,CO₂,4.C,4.C - Grassland,4,Gg,1990,36282.82015,,20250315,EEA,EUA
EUA,EU-27,IPCC Common Reporting Format,CO₂,4.F,4.F - Other Land,4,Gg,2019,1025.62713,,20250315,EEA,EUA
EUA,EU-27,IPCC Common Reporting Format,All greenhouse gases - (CO2 equivalent),2,2 - Industrial Processes and Product Use,Sectors/Totals_incl_incl,Gg CO2 equivalent,2019,331231.00074,,20250315,EEA,EUA
EUA,EU-27,IPCC Common Reporting Format,All greenhouse gases - (CO2 equivalent),2.A.1,2.A.1 - Cement Production,2.A,Gg CO2 equivalent,1990,95236.58061,,20250315,EEA,EUA
EUA,EU-27,IPCC Common Reporting Format,All greenhouse gases - (CO2 equivalent),2.A.2,2.A.2 - Lime Production,2.A,Gg CO2 equivalent,1990,23924.12504,,20250315,EEA,EUA
EUA,EU-27,IPCC Common Reporting Format,All greenhouse gases - (CO2 equivalent),2.B.10,2.B.10 - Other chemical industry,2.B,Gg CO2 equivalent,1990,10023.57968,,20250315,EEA,EUA
EUA,EU-27,IPCC Common Reporting Format,All greenhouse gases - (CO2 equivalent),2.B.3,2.B.3 - Adipic Acid Production,2.B,Gg CO2 equivalent,1990,33584.07574,,20250315,EEA,EUA
EUA,EU-27,IPCC Common Reporting Format,All greenhouse gases - (CO2 equivalent),2.B.6,2.B.6 - Titanium Dioxide Production,2.B,Gg CO2 equivalent,1990,21.53495,,20250315,EEA,EUA
EUA,EU-27,IPCC Common Reporting Format,CO₂,5,5 - Waste management,Sectors/Totals_incl_incl,Gg,2019,2556.58758,,20250315,EEA,EUA
EUA,EU-27,IPCC Common Reporting Format,CO₂,5.F.1,5.F.1 - Long-term Storage of C in Waste Disposal Sites,5.F,Gg,1990,126655.65871,,20250315,EEA,EUA
EUA,EU-27,IPCC Common Reporting Format,CO₂,5.F.2,5.F.2 - Annual Change in Total Long-term C Storage,5.F,Gg,1990,5388.30248,,20250315,EEA,EUA
EUA,EU-27,IPCC Common Reporting Format,All greenhouse gases - (CO2 equivalent),2.C.1,2.C.1 - Iron and Steel Production,2.C,Gg CO2 equivalent,1990,103906.91952,,20250315,EEA,EUA
EUA,EU-27,IPCC Common Reporting Format,All greenhouse gases - (CO2 equivalent),2.C.5,2.C.5 - Lead Production,2.C,Gg CO2 equivalent,1990,391.48057,,20250315,EEA,EUA
EUA,EU-27,IPCC Common Reporting Format,All greenhouse gases - (CO2 equivalent),2.D.1,2.D.1 - Lubricant Use,2.D,Gg CO2 equivalent,1990,3018.5529,,20250315,EEA,EUA
EUA,EU-27,IPCC Common Reporting Format,All greenhouse gases - (CO2 equivalent),2.D.3,2.D.3 - Other non energy products,2.D,Gg CO2 equivalent,2019,3105.82332,,20250315,EEA,EUA
EUA,EU-27,IPCC Common Reporting Format,All greenhouse gases - (CO2 equivalent),2.F,2.F - Product Uses as Substitutes for ODS,2,Gg CO2 equivalent,2019,71060.23733,,20250315,EEA,EUA
EUA,EU-27,IPCC Common Reporting Format,HFCs - (CO2 equivalent),2.B.9,2.B.9 - Fluorochemical Production,2.B,Gg CO2 equivalent,2019,1552.62552,,20250315,EEA,EUA
EUA,EU-27,IPCC Common Reporting Format,HFCs - (CO2 equivalent),2.E.1,2.E.1 - Integrated Circuit or Semiconductor,2.E,Gg CO2 equivalent,1990,68.61331,,20250315,EEA,EUA
EUA,EU-27,IPCC Common Reporting Format,HFCs - (CO2 equivalent),2.E.5,2.E.5 - Other electronics industry,2.E,Gg CO2 equivalent,1990,,"NA,NO",20250315,EEA,EUA
EUA,EU-27,IPCC Common Reporting Format,HFCs - (CO2 equivalent),2.E.5,2.E.5 - Other electronics industry,2.E,Gg CO2 equivalent,2019,,"NA,NO",20250315,EEA,EUA
EUA,EU-27,IPCC Common Reporting Format,All greenhouse gases - (CO2 equivalent),2.F.3,2.F.3 - Fire Protection,2.F,Gg CO2 equivalent,2019,2400.50356,,20250315,EEA,EUA
EUA,EU-27,IPCC Common Reporting Format,All greenhouse gases - (CO2 equivalent),2.G,2.G - Other Product Manufacture and Use,2,Gg CO2 equivalent,2019,9302.46494,,20250315,EEA,EUA
EUA,EU-27,IPCC Common Reporting Format,All greenhouse gases - (CO2 equivalent),3.A.1,3.A.1 - Enteric Fermentation - Cattle,3.A,Gg CO2 equivalent,1990,204738.70189,,20250315,EEA,EUA
EUA,EU-27,IPCC Common Reporting Format,All greenhouse gases - (CO2 equivalent),3.A.1,3.A.1 - Enteric Fermentation - Cattle,3.A,Gg CO2 equivalent,2019,157833.1402,,20250315,EEA,EUA
EUA,EU-27,IPCC Common Reporting Format,All greenhouse gases - (CO2 equivalent),3.A.3,3.A.3 - Enteric Fermentation - Swine,3.A,Gg CO2 equivalent,1990,5908.09341,,20250315,EEA,EUA
EUA,EU-27,IPCC Common Reporting Format,All greenhouse gases - (CO2 equivalent),3.B.2,3.B.2 - Manure Management - Sheep,3.B,Gg CO2 equivalent,2019,1371.71883,,20250315,EEA,EUA
EUA,EU-27,IPCC Common Reporting Format,N₂O,1,1 - Energy,Sectors/Totals_incl_incl,Gg,2019,86.74903,,20250315,EEA,EUA
EUA,EU-27,IPCC Common Reporting Format,N₂O,1.A,1.A - Fuel combustion activities (sectoral approach),1,Gg,1990,87.55525,,20250315,EEA,EUA
EUA,EU-27,IPCC Common Reporting Format,N₂O,1.A,1.A - Fuel combustion activities (sectoral approach),1,Gg,2019,86.64769,,20250315,EEA,EUA
EUA,EU-27,IPCC Common Reporting Format,N₂O,1.A.2,1.A.2 - Manufacturing Industries and Construction,1.AA,Gg,1990,16.33096,,20250315,EEA,EUA
EUA,EU-27,IPCC Common Reporting Format,All greenhouse gases - (CO2 equivalent),3.H,3.H - Urea Application,3,Gg CO2 equivalent,1990,3648.19567,,20250315,EEA,EUA
EUA,EU-27,IPCC Common Reporting Format,All greenhouse gases - (CO2 equivalent),3.I,3.I - Other Carbon-containing Fertilizers,3,Gg CO2 equivalent,1990,1109.04654,,20250315,EEA,EUA
EUA,EU-27,IPCC Common Reporting Format,N₂O,1.A.3.b,1.A.3.b - Road Transportation,1.A.3,Gg,2019,27.00995,,20250315,EEA,EUA
EUA,EU-27,IPCC Common Reporting Format,N₂O,1.A.3.b.iv,1.A.3.b.iv - Motorcycles,1.A.3.b,Gg,1990,0.13422,,20250315,EEA,EUA
EUA,EU-27,IPCC Common Reporting Format,All greenhouse gases - (CO2 equivalent),4(II).C,4(II).C 4(II) Emissions and removals from drainage and rewetting and other management of organic and mineral soils,4.C,Gg CO2 equivalent,1990,6803.98778,,20250315,EEA,EUA
EUA,EU-27,IPCC Common Reporting Format,All greenhouse gases - (CO2 equivalent),4(II).D,4(II).D 4(II)  Emissions and removals from drainage and rewetting and other management of organic and mineral soils,4.D,Gg CO2 equivalent,1990,10368.79373,,20250315,EEA,EUA
EUA,EU-27,IPCC Common Reporting Format,All greenhouse gases - (CO2 equivalent),4.A.2,4.A.2 - Land converted to forest land,4.A,Gg CO2 equivalent,1990,-53866.46647,,20250315,EEA,EUA
EUA,EU-27,IPCC Common Reporting Format,N₂O,1.A.5,1.A.5 - Other Other Sectors,1.AA,Gg,2019,0.16268,,20250315,EEA,EUA
EUA,EU-27,IPCC Common Reporting Format,N₂O,1.B.1,1.B.1 - Solid Fuels,1.B,Gg,2019,0.00052,,20250315,EEA,EUA
EUA,EU-27,IPCC Common Reporting Format,N₂O,1.D.1,1.D.1 - International Bunkers,1.D,Gg,2019,8.29877,,20250315,EEA,EUA
EUA,EU-27,IPCC Common Reporting Format,N₂O,1.D.1.a,1.D.1.a - International Aviation,1.D.1,Gg,1990,1.58675,,20250315,EEA,EUA
EUA,EU-27,IPCC Common Reporting Format,All greenhouse gases - (CO2 equivalent),4.B.2,4.B.2 - Land converted to cropland,4.B,Gg CO2 equivalent,1990,39932.67038,,20250315,EEA,EUA
EUA,EU-27,IPCC Common Reporting Format,All greenhouse gases - (CO2 equivalent),4.B.2,4.B.2 - Land converted to cropland,4.B,Gg CO2 equivalent,2019,22323.18834,,20250315,EEA,EUA
EUA,EU-27,IPCC Common Reporting Format,All greenhouse gases - (CO2 equivalent),4.C.1,4.C.1 - Grassland remaining grassland,4.C,Gg CO2 equivalent,2019,30270.4429,,20250315,EEA,EUA
EUA,EU-27,IPCC Common Reporting Format,All greenhouse gases - (CO2 equivalent),4.D.2,4.D.2 - Land converted to wetlands,4.D,Gg CO2 equivalent,2019,3278.97491,,20250315,EEA,EUA
EUA,EU-27,IPCC Common Reporting Format,All greenhouse gases - (CO2 equivalent),4.E.1,4.E.1 - Settlements remaining settlements,4.E,Gg CO2 equivalent,1990,1214.96445,,20250315,EEA,EUA
EUA,EU-27,IPCC Common Reporting Format,N₂O,2.B.10,2.B.10 - Other chemical industry,2.B,Gg,2019,1.69702,,20250315,EEA,EUA
EUA,EU-27,IPCC Common Reporting Format,N₂O,2.C,2.C - Metal Industry,2,Gg,1990,0.09255,,20250315,EEA,EUA
EUA,EU-27,IPCC Common Reporting Format,N₂O,2.D.2,2.D.2 - Paraffin Wax Use,2.D,Gg,2019,0.00464,,20250315,EEA,EUA
EUA,EU-27,IPCC Common Reporting Format,N₂O,3,3 - Agriculture,Sectors/Totals_incl_incl,Gg,1990,656.22992,,20250315,EEA,EUA
EUA,EU-27,IPCC Common Reporting Format,N₂O,3,3 - Agriculture,Sectors/Totals_incl_incl,Gg,2019,512.67054,,20250315,EEA,EUA
EUA,EU-27,IPCC Common Reporting Format,N₂O,3.B.4,3.B.4 - Manure Management - Other livestock,3.B,Gg,1990,7.63425,,20250315,EEA,EUA
EUA,EU-27,IPCC Common Reporting Format,N₂O,3.D.2,3.D.2 - Indirect N2O emissions from managed soils,3.D,Gg,1990,124.55669,,20250315,EEA,EUA
EUA,EU-27,IPCC Common Reporting Format,N₂O,3.F,3.F - Field Burning of Agricultural Residues,3,Gg,1990,1.67311,,20250315,EEA,EUA
EUA,EU-27,IPCC Common Reporting Format,N₂O,3.J,3.J - Other agriculture emissions,3,Gg,2019,0.59963,,20250315,EEA,EUA
EUA,EU-27,IPCC Common Reporting Format,N₂O,4,"4 - Land Use, Land-Use Change and Forestry",Sectors/Totals_incl_incl,Gg,2019,38.39749,,20250315,EEA,EUA
EUA,EU-27,IPCC Common Reporting Format,N₂O,4(II).B,4(II).B 4(II) Emissions and removals from drainage and rewetting and other management of organic and mineral soils,4.B,Gg,2019,,"IE,NA,NE,NO",20250315,EEA,EUA
EUA,EU-27,IPCC Common Reporting Format,N₂O,4(II).D,4(II).D 4(II)  Emissions and removals from drainage and rewetting and other management of organic and mineral soils,4.D,Gg,2019,0.71696,,20250315,EEA,EUA
EUA,EU-27,IPCC Common Reporting Format,N₂O,4.A,4.A - Forest Land,4,Gg,1990,18.66847,,20250315,EEA,EUA
EUA,EU-27,IPCC Common Reporting Format,N₂O,4.C,4.C - Grassland,4,Gg,2019,1.64479,,20250315,EEA,EUA
EUA,EU-27,IPCC Common Reporting Format,All greenhouse gases - (CO2 equivalent),4.E.2,4.E.2 - Land converted to settlements,4.E,Gg CO2 equivalent,1990,23040.27542,,20250315,EEA,EUA
EUA,EU-27,IPCC Common Reporting Format,All greenhouse gases - (CO2 equivalent),4.F.2,4.F.2 - Land converted to other land,4.F,Gg CO2 equivalent,1990,1215.51592,,20250315,EEA,EUA
EUA,EU-27,IPCC Common Reporting Format,All greenhouse gases - (CO2 equivalent),4.G,4.G - Harvested Wood Products,4,Gg CO2 equivalent,2019,-40782.6559,,20250315,EEA,EUA
EUA,EU-27,IPCC Common Reporting Format,N₂O,4.D.2,4.D.2 - Land converted to wetlands,4.D,Gg,2019,0.31538,,20250315,EEA,EUA
EUA,EU-27,IPCC Common Reporting Format,All greenhouse gases - (CO2 equivalent),5.A.1,5.A.1 - Managed Waste Disposal Sites,5.A,Gg CO2 equivalent,2019,65947.4499,,20250315,EEA,EUA
EUA,EU-27,IPCC Common Reporting Format,All greenhouse gases - (CO2 equivalent),5.B,5.B - Biological Treatment of Solid Waste,5,Gg CO2 equivalent,1990,827.02202,,20250315,EEA,EUA
EUA,EU-27,IPCC Common Reporting Format,All greenhouse gases - (CO2 equivalent),5.B.1,5.B.1 - Waste Composting,5.B,Gg CO2 equivalent,1990,818.85416,,20250315,EEA,EUA
EUA,EU-27,IPCC Common Reporting Format,N₂O,5.C,5.C - Incineration and Open Burning of Waste,5,Gg,2019,1.61353,,20250315,EEA,EUA
EUA,EU-27,IPCC Common Reporting Format,N₂O,5.C.1,5.C.1 - Waste Incineration,5.C,Gg,2019,0.44367,,20250315,EEA,EUA
EUA,EU-27,IPCC Common Reporting Format,N₂O,5.D.1,5.D.1 - Domestic wastewater,5.D,Gg,1990,25.42989,,20250315,EEA,EUA
EUA,EU-27,IPCC Common Reporting Format,N₂O,5.D.2,5.D.2 - Industrial wastewater,5.D,Gg,2019,3.16633,,20250315,EEA,EUA
EUA,EU-27,IPCC Common Reporting Format,N₂O,5.E,5.E - Other Disposal,5,Gg,1990,,"NA,NE,NO",20250315,EEA,EUA
EUA,EU-27,IPCC Common Reporting Format,N₂O,Sectors/Totals_incl,Total net emissions (UNFCCC),,Gg,2019,711.57479,,20250315,EEA,EUA
EUA,EU-27,IPCC Common Reporting Format,NF3 - (CO2 equivalent),2.C.7,2.C.7 - Other Metal Industry,2.C,Gg CO2 equivalent,1990,,"NA,NO",20250315,EEA,EUA
EUA,EU-27,IPCC Common Reporting Format,NF3 - (CO2 equivalent),2.C.7,2.C.7 - Other Metal Industry,2.C,Gg CO2 equivalent,2019,,"NA,NO",20250315,EEA,EUA
EUA,EU-27,IPCC Common Reporting Format,NF3 - (CO2 equivalent),2.E.1,2.E.1 - Integrated Circuit or Semiconductor,2.E,Gg CO2 equivalent,2019,65.43789,,20250315,EEA,EUA
EUA,EU-27,IPCC Common Reporting Format,All greenhouse gases - (CO2 equivalent),Sectors/Totals_incl,Total net emissions (UNFCCC),,Gg CO2 equivalent,2019,3395486.4197,,20250315,EEA,EUA
EUA,EU-27,IPCC Common Reporting Format,CH₄,1.A,1.A - Fuel combustion activities (sectoral approach),1,Gg,1990,1173.42125,,20250315,EEA,EUA
EUA,EU-27,IPCC Common Reporting Format,CH₄,1.A.2.e,"1.A.2.e - Food Processing, Beverages and Tobacco",1.A.2,Gg,2019,18.11104,,20250315,EEA,EUA
EUA,EU-27,IPCC Common Reporting Format,CH₄,1.A.2.f,1.A.2.f - Non-metallic minerals,1.A.2,Gg,1990,9.19298,,20250315,EEA,EUA
EUA,EU-27,IPCC Common Reporting Format,CH₄,1.A.3,1.A.3 - Transport,1.AA,Gg,1990,225.8475,,20250315,EEA,EUA
EUA,EU-27,IPCC Common Reporting Format,CH₄,1.A.3.a,1.A.3.a - Domestic Aviation,1.A.3,Gg,1990,0.3532,,20250315,EEA,EUA
EUA,EU-27,IPCC Common Reporting Format,CH₄,1.A.3.a,1.A.3.a - Domestic Aviation,1.A.3,Gg,2019,0.28869,,20250315,EEA,EUA
EUA,EU-27,IPCC Common Reporting Format,CH₄,1.A.4.a,1.A.4.a - Commercial/Institutional,1.A.4,Gg,1990,73.60332,,20250315,EEA,EUA
EUA,EU-27,IPCC Common Reporting Format,CH₄,1.A.5.b,1.A.5.b - Mobile,1.A.5,Gg,1990,1.50061,,20250315,EEA,EUA
EUA,EU-27,IPCC Common Reporting Format,CH₄,1.A.5.b,1.A.5.b - Mobile,1.A.5,Gg,2019,0.13156,,20250315,EEA,EUA
EUA,EU-27,IPCC Common Reporting Format,NF3 - (CO2 equivalent),2.F.3,2.F.3 - Fire Protection,2.F,Gg CO2 equivalent,1990,,NO,20250315,EEA,EUA
EUA,EU-27,IPCC Common Reporting Format,CH₄,1.B.2,1.B.2 - Oil and Natural Gas and Other Emissions from Energy Production,1.B,Gg,1990,2179.47202,,20250315,EEA,EUA
EUA,EU-27,IPCC Common Reporting Format,CH₄,1.D.1,1.D.1 - International Bunkers,1.D,Gg,1990,7.65442,,20250315,EEA,EUA
EUA,EU-27,IPCC Common Reporting Format,CH₄,1.D.1,1.D.1 - International Bunkers,1.D,Gg,2019,11.81277,,20250315,EEA,EUA
EUA,EU-27,IPCC Common Reporting Format,CH₄,1.D.2,1.D.2 - Multilateral Operations,1.D,Gg,1990,,"C,IE,NA,NE,NO",20250315,EEA,EUA
EUA,EU-27,IPCC Common Reporting Format,CH₄,2.B.10,2.B.10 - Other chemical industry,2.B,Gg,1990,3.87102,,20250315,EEA,EUA
EUA,EU-27,IPCC Common Reporting Format,All greenhouse gases - (CO2 equivalent),1,1 - Energy,Sectors/Totals_incl_incl,Gg CO2 equivalent,2019,2758225.4677,,20250315,EEA,EUA
EUA,EU-27,IPCC Common Reporting Format,All greenhouse gases - (CO2 equivalent),1.A,1.A - Fuel combustion activities (sectoral approach),1,Gg CO2 equivalent,2019,2690297.11226,,20250315,EEA,EUA
EUA,EU-27,IPCC Common Reporting Format,NF3 - (CO2 equivalent),6,6 - Other Sector,Sectors/Totals_incl_incl,Gg CO2 equivalent,1990,,"NA,NO",20250315,EEA,EUA
EUA,EU-27,IPCC Common Reporting Format,NF3 - (CO2 equivalent),6,6 - Other Sector,Sectors/Totals_incl_incl,Gg CO2 equivalent,2019,,"NA,NO",20250315,EEA,EUA
EUA,EU-27,IPCC Common Reporting Format,NF3 - (CO2 equivalent),Sectors/Totals_incl,Total net emissions (UNFCCC),,Gg CO2 equivalent,1990,21.86687,,20250315,EEA,EUA
EUA,EU-27,IPCC Common Reporting Format,CH₄,2.D.2,2.D.2 - Paraffin Wax Use,2.D,Gg,1990,0.00698,,20250315,EEA,EUA
EUA,EU-27,IPCC Common Reporting Format,CH₄,2.G,2.G - Other Product Manufacture and Use,2,Gg,2019,3.24261,,20250315,EEA,EUA
EUA,EU-27,IPCC Common Reporting Format,CH₄,3.A.1,3.A.1 - Enteric Fermentation - Cattle,3.A,Gg,1990,7312.0965,,20250315,EEA,EUA
EUA,EU-27,IPCC Common Reporting Format,All greenhouse gases - (CO2 equivalent),1.A.2.f,1.A.2.f - Non-metallic minerals,1.A.2,Gg CO2 equivalent,2019,84987.05445,,20250315,EEA,EUA
EUA,EU-27,IPCC Common Reporting Format,PFCs - (CO2 equivalent),2.E.5,2.E.5 - Other electronics industry,2.E,Gg CO2 equivalent,1990,,NO,20250315,EEA,EUA
EUA,EU-27,IPCC Common Reporting Format,PFCs - (CO2 equivalent),2.F,2.F - Product Uses as Substitutes for ODS,2,Gg CO2 equivalent,1990,,"IE,NA,NO",20250315,EEA,EUA
EUA,EU-27,IPCC Common Reporting Format,PFCs - (CO2 equivalent),2.F.1,2.F.1 - Refrigeration and Air conditioning,2.F,Gg CO2 equivalent,1990,,"NA,NO",20250315,EEA,EUA
EUA,EU-27,IPCC Common Reporting Format,PFCs - (CO2 equivalent),2.F.1,2.F.1 - Refrigeration and Air conditioning,2.F,Gg CO2 equivalent,2019,87.645,,20250315,EEA,EUA
EUA,EU-27,IPCC Common Reporting Format,All greenhouse gases - (CO2 equivalent),1.A.3.b.iii,1.A.3.b.iii - Heavy duty trucks and buses,1.A.3.b,Gg CO2 equivalent,2019,208486.25163,,20250315,EEA,EUA
EUA,EU-27,IPCC Common Reporting Format,All greenhouse gases - (CO2 equivalent),1.A.4,1.A.4 - Other Sectors,1.AA,Gg CO2 equivalent,1990,714111.60458,,20250315,EEA,EUA
EUA,EU-27,IPCC Common Reporting Format,PFCs - (CO2 equivalent),2.F.2,2.F.2 - Foam Blowing Agents,2.F,Gg CO2 equivalent,2019,,NO,20250315,EEA,EUA
EUA,EU-27,IPCC Common Reporting Format,PFCs - (CO2 equivalent),2.F.3,2.F.3 - Fire Protection,2.F,Gg CO2 equivalent,2019,11.23021,,20250315,EEA,EUA
EUA,EU-27,IPCC Common Reporting Format,PFCs - (CO2 equivalent),2.F.6,2.F.6 - Other Applications,2.F,Gg CO2 equivalent,1990,,NO,20250315,EEA,EUA
EUA,EU-27,IPCC Common Reporting Format,PFCs - (CO2 equivalent),2.F.6,2.F.6 - Other Applications,2.F,Gg CO2 equivalent,2019,,NO,20250315,EEA,EUA
EUA,EU-27,IPCC Common Reporting Format,PFCs - (CO2 equivalent),2.G,2.G - Other Product Manufacture and Use,2,Gg CO2 equivalent,2019,399.79526,,20250315,EEA,EUA
EUA,EU-27,IPCC Common Reporting Format,PFCs - (CO2 equivalent),Sectors/Totals_excl,Total emissions (UNFCCC),,Gg CO2 equivalent,2019,2308.88859,,20250315,EEA,EUA
EUA,EU-27,IPCC Common Reporting Format,PFCs - (CO2 equivalent),Sectors/Totals_incl,Total net emissions (UNFCCC),,Gg CO2 equivalent,1990,21787.37208,,20250315,EEA,EUA
EUA,EU-27,IPCC Common Reporting Format,SF6 - (CO2 equivalent),2.C.3,2.C.3 - Aluminium Production,2.C,Gg CO2 equivalent,1990,14.1,,20250315,EEA,EUA
EUA,EU-27,IPCC Common Reporting Format,CH₄,3.A.4,3.A.4 - Enteric Fermentation - Other livestock,3.A,Gg,2019,227.00747,,20250315,EEA,EUA
EUA,EU-27,IPCC Common Reporting Format,CH₄,3.C.1,3.C.1 - Irrigated,3.C,Gg,2019,101.21064,,20250315,EEA,EUA
EUA,EU-27,IPCC Common Reporting Format,CH₄,3.E,3.E - Prescribed Burning of Savannas,3,Gg,1990,,"NA,NO",20250315,EEA,EUA
EUA,EU-27,IPCC Common Reporting Format,CH₄,3.E,3.E - Prescribed Burning of Savannas,3,Gg,2019,,"NA,NO",20250315,EEA,EUA
EUA,EU-27,IPCC Common Reporting Format,CH₄,3.F.1,3.F.1 - Cereals,3.F,Gg,2019,15.8014,,20250315,EEA,EUA
EUA,EU-27,IPCC Common Reporting Format,CH₄,3.F.3,3.F.3 - Tubers and roots,3.F,Gg,2019,0.10573,,20250315,EEA,EUA
EUA,EU-27,IPCC Common Reporting Format,CH₄,4(II).A,4(II).A 4(II) Emissions and removals from drainage and rewetting and other management of organic and mineral soils,4.A,Gg,1990,74.58181,,20250315,EEA,EUA
EUA,EU-27,IPCC Common Reporting Format,Unspecified mix of HFCs and PFCs - (CO2 equivalent),2,2 - Industrial Processes and Product Use,Sectors/Totals_incl_incl,Gg CO2 equivalent,2019,1578.4548,,20250315,EEA,EUA
EUA,EU-27,IPCC Common Reporting Format,All greenhouse gases - (CO2 equivalent),2.B,2.B - Chemical Industry,2,Gg CO2 equivalent,1990,161723.06266,,20250315,EEA,EUA
EUA,EU-27,IPCC Common Reporting Format,All greenhouse gases - (CO2 equivalent),2.C,2.C - Metal Industry,2,Gg CO2 equivalent,2019,74928.52826,,20250315,EEA,EUA
EUA,EU-27,IPCC Common Reporting Format,All greenhouse gases - (CO2 equivalent),2.C.6,2.C.6 - Zinc Production,2.C,Gg CO2 equivalent,2019,1062.34071,,20250315,EEA,EUA
EUA,EU-27,IPCC Common Reporting Format,All greenhouse gases - (CO2 equivalent),2.E,2.E - Electronics Industry,2,Gg CO2 equivalent,2019,793.95105,,20250315,EEA,EUA
EUA,EU-27,IPCC Common Reporting Format,CH₄,4(II).D,4(II).D 4(II)  Emissions and removals from drainage and rewetting and other management of organic and mineral soils,4.D,Gg,2019,300.07234,,20250315,EEA,EUA
EUA,EU-27,IPCC Common Reporting Format,CH₄,4.A.1,4.A.1 - Forest Land remaining forest land,4.A,Gg,1990,112.71373,,20250315,EEA,EUA
EUA,EU-27,IPCC Common Reporting Format,CH₄,4.A.1,4.A.1 - Forest Land remaining forest land,4.A,Gg,2019,67.16063,,20250315,EEA,EUA
EUA,EU-27,IPCC Common Reporting Format,All greenhouse gases - (CO2 equivalent),2.E.5,2.E.5 - Other electronics industry,2.E,Gg CO2 equivalent,1990,,—,20250315,EEA,EUA
EUA,EU-27,IPCC Common Reporting Format,All greenhouse gases - (CO2 equivalent),2.F.1,2.F.1 - Refrigeration and Air conditioning,2.F,Gg CO2 equivalent,1990,4.66278,,20250315,EEA,EUA
EUA,EU-27,IPCC Common Reporting Format,All greenhouse gases - (CO2 equivalent),3.A,3.A - Enteric Fermentation,3.1,Gg CO2 equivalent,1990,240658.38695,,20250315,EEA,EUA
EUA,EU-27,IPCC Common Reporting Format,All greenhouse gases - (CO2 equivalent),3.A.4,3.A.4 - Enteric Fermentation - Other livestock,3.A,Gg CO2 equivalent,1990,6832.41681,,20250315,EEA,EUA
EUA,EU-27,IPCC Common Reporting Format,All greenhouse gases - (CO2 equivalent),3.D.1,3.D.1 - Direct N2O emissions from managed soils,3.D,Gg CO2 equivalent,1990,113209.00215,,20250315,EEA,EUA
EUA,EU-27,IPCC Common Reporting Format,All greenhouse gases - (CO2 equivalent),3.F.5,3.F.5 - Other Agricultural residues,3.F,Gg CO2 equivalent,2019,48.51988,,20250315,EEA,EUA
EUA,EU-27,IPCC Common Reporting Format,Unspecified mix of HFCs and PFCs - (CO2 equivalent),2.E.4,2.E.4 - Heat Transfer Fluid,2.E,Gg CO2 equivalent,1990,,NO,20250315,EEA,EUA
EUA,EU-27,IPCC Common Reporting Format,Unspecified mix of HFCs and PFCs - (CO2 equivalent),2.F.4,2.F.4 - Aerosols,2.F,Gg CO2 equivalent,1990,,NO,20250315,EEA,EUA
EUA,EU-27,IPCC Common Reporting Format,Unspecified mix of HFCs and PFCs - (CO2 equivalent),2.F.4,2.F.4 - Aerosols,2.F,Gg CO2 equivalent,2019,,NO,20250315,EEA,EUA
EUA,EU-27,IPCC Common Reporting Format,All greenhouse gases - (CO2 equivalent),4,"4 - Land Use, Land-Use Change and Forestry",Sectors/Totals_incl_incl,Gg CO2 equivalent,1990,-237322.97389,,20250315,EEA,EUA
EUA,EU-27,IPCC Common Reporting Format,All greenhouse gases - (CO2 equivalent),4(II).A,4(II).A 4(II) Emissions and removals from drainage and rewetting and other management of organic and mineral soils,4.A,Gg CO2 equivalent,2019,7594.56932,,20250315,EEA,EUA
EUA,EU-27,IPCC Common Reporting Format,All greenhouse gases - (CO2 equivalent),4.A.2,4.A.2 - Land converted to forest land,4.A,Gg CO2 equivalent,2019,-57718.01484,,20250315,EEA,EUA
EUA,EU-27,IPCC Common Reporting Format,CH₄,4.C.1,4.C.1 - Grassland remaining grassland,4.C,Gg,2019,105.81815,,20250315,EEA,EUA
EUA,EU-27,IPCC Common Reporting Format,CH₄,4.C.2,4.C.2 - Land converted to grassland,4.C,Gg,1990,4.77791,,20250315,EEA,EUA
EUA,EU-27,IPCC Common Reporting Format,CH₄,4.E.1,4.E.1 - Settlements remaining settlements,4.E,Gg,1990,1.4673,,20250315,EEA,EUA
EUA,EU-27,IPCC Common Reporting Format,All greenhouse gases - (CO2 equivalent),4.C,4.C - Grassland,4,Gg CO2 equivalent,2019,13935.74075,,20250315,EEA,EUA
EUA,EU-27,IPCC Common Reporting Format,All greenhouse gases - (CO2 equivalent),4.D.1,4.D.1 - Wetlands remaining wetlands,4.D,Gg CO2 equivalent,2019,20422.52989,,20250315,EEA,EUA
EUA,EU-27,IPCC Common Reporting Format,All greenhouse gases - (CO2 equivalent),4.E,4.E - Settlements,4,Gg CO2 equivalent,1990,24255.23987,,20250315,EEA,EUA
EUA,EU-27,IPCC Common Reporting Format,All greenhouse gases - (CO2 equivalent),4.E.2,4.E.2 - Land converted to settlements,4.E,Gg CO2 equivalent,2019,23978.71726,,20250315,EEA,EUA
EUA,EU-27,IPCC Common Reporting Format,All greenhouse gases - (CO2 equivalent),4.H,4.H - Other LULUCF,4,Gg CO2 equivalent,2019,290.27267,,20250315,EEA,EUA
EUA,EU-27,IPCC Common Reporting Format,All greenhouse gases - (CO2 equivalent),5,5 - Waste management,Sectors/Totals_incl_incl,Gg CO2 equivalent,2019,112658.63787,,20250315,EEA,EUA
EUA,EU-27,IPCC Common Reporting Format,All greenhouse gases - (CO2 equivalent),5.B,5.B - Biological Treatment of Solid Waste,5,Gg CO2 equivalent,2019,6301.57666,,20250315,EEA,EUA
EUA,EU-27,IPCC Common Reporting Format,All greenhouse gases - (CO2 equivalent),5.B.2,5.B.2 - Anaerobic Digestion at Biogas Facilities,5.B,Gg CO2 equivalent,2019,1619.02767,,20250315,EEA,EUA
EUA,EU-27,IPCC Common Reporting Format,All greenhouse gases - (CO2 equivalent),5.C.1,5.C.1 - Waste Incineration,5.C,Gg CO2 equivalent,2019,2640.07098,,20250315,EEA,EUA
EUA,EU-27,IPCC Common Reporting Format,All greenhouse gases - (CO2 equivalent),5.D.1,5.D.1 - Domestic wastewater,5.D,Gg CO2 equivalent,2019,19889.56976,,20250315,EEA,EUA
EUA,EU-27,IPCC Common Reporting Format,All greenhouse gases - (CO2 equivalent),ind_CO2,ind_CO2 - Indirect CO2,Sectors/Totals_incl_incl,Gg CO2 equivalent,1990,7641.66063,,20250315,EEA,EUA
EUA,EU-27,IPCC Common Reporting Format,CH₄,1.A.1,1.A.1 - Energy Industries,1.AA,Gg,1990,38.85763,,20250315,EEA,EUA
EUA,EU-27,IPCC Common Reporting Format,CH₄,1.A.1.c,1.A.1.c - Manufacture of Solid Fuels and Other Energy Industries,1.A.1,Gg,1990,14.53199,,20250315,EEA,EUA
EUA,EU-27,IPCC Common Reporting Format,CH₄,1.A.2.b,1.A.2.b - Non-Ferrous Metals,1.A.2,Gg,2019,0.86584,,20250315,EEA,EUA
EUA,EU-27,IPCC Common Reporting Format,CH₄,1.A.3.b,1.A.3.b - Road Transportation,1.A.3,Gg,1990,220.34113,,20250315,EEA,EUA
EUA,EU-27,IPCC Common Reporting Format,CH₄,1.A.3.b.i,1.A.3.b.i - Cars,1.A.3.b,Gg,2019,25.84908,,20250315,EEA,EUA
EUA,EU-27,IPCC Common Reporting Format,CH₄,1.A.3.b.iii,1.A.3.b.iii - Heavy duty trucks and buses,1.A.3.b,Gg,1990,13.30114,,20250315,EEA,EUA
EUA,EU-27,IPCC Common Reporting Format,CH₄,1.A.3.b.iii,1.A.3.b.iii - Heavy duty trucks and buses,1.A.3.b,Gg,2019,5.31426,,20250315,EEA,EUA
EUA,EU-27,IPCC Common Reporting Format,CH₄,1.A.3.e,1.A.3.e - Other Transportation,1.A.3,Gg,1990,0.49273,,20250315,EEA,EUA
EUA,EU-27,IPCC Common Reporting Format,CH₄,1.A.4,1.A.4 - Other Sectors,1.AA,Gg,1990,849.83415,,20250315,EEA,EUA
EUA,EU-27,IPCC Common Reporting Format,CH₄,1.A.4.b,1.A.4.b - Residential,1.A.4,Gg,2019,570.22259,,20250315,EEA,EUA
EUA,EU-27,IPCC Common Reporting Format,CH₄,1.A.5,1.A.5 - Other Other Sectors,1.AA,Gg,1990,11.9972,,20250315,EEA,EUA
EUA,EU-27,IPCC Common Reporting Format,CH₄,1.D.1.b,1.D.1.b - International Navigation,1.D.1,Gg,2019,10.94351,,20250315,EEA,EUA
EUA,EU-27,IPCC Common Reporting Format,CH₄,2.B.1,2.B.1 - Ammonia Production,2.B,Gg,2019,0.08207,,20250315,EEA,EUA
EUA,EU-27,IPCC Common Reporting Format,CH₄,2.C,2.C - Metal Industry,2,Gg,2019,6.7269,,20250315,EEA,EUA
EUA,EU-27,IPCC Common Reporting Format,CH₄,2.D.1,2.D.1 - Lubricant Use,2.D,Gg,2019,0.0182,,20250315,EEA,EUA
EUA,EU-27,IPCC Common Reporting Format,CH₄,2.D.3,2.D.3 - Other non energy products,2.D,Gg,2019,0.01544,,20250315,EEA,EUA
EUA,EU-27,IPCC Common Reporting Format,CH₄,3.A,3.A - Enteric Fermentation,3.1,Gg,1990,8594.94239,,20250315,EEA,EUA
EUA,EU-27,IPCC Common Reporting Format,CH₄,3.A.1,3.A.1 - Enteric Fermentation - Cattle,3.A,Gg,2019,5636.89786,,20250315,EEA,EUA
EUA,EU-27,IPCC Common Reporting Format,CH₄,3.B.4,3.B.4 - Manure Management - Other livestock,3.B,Gg,1990,102.36957,,20250315,EEA,EUA
EUA,EU-27,IPCC Common Reporting Format,CH₄,3.C.3,3.C.3 - Deep Water,3.C,Gg,1990,,NO,20250315,EEA,EUA
EUA,EU-27,IPCC Common Reporting Format,CH₄,3.C.3,3.C.3 - Deep Water,3.C,Gg,2019,,NO,20250315,EEA,EUA
EUA,EU-27,IPCC Common Reporting Format,CH₄,4.B,4.B - Cropland,4,Gg,1990,53.28891,,20250315,EEA,EUA
EUA,EU-27,IPCC Common Reporting Format,CH₄,4.B.1,4.B.1 - Cropland remaining cropland,4.B,Gg,2019,26.33211,,20250315,EEA,EUA
EUA,EU-27,IPCC Common Reporting Format,CH₄,4.E,4.E - Settlements,4,Gg,1990,3.10476,,20250315,EEA,EUA
EUA,EU-27,IPCC Common Reporting Format,CH₄,4.F,4.F - Other Land,4,Gg,1990,0.00516,,20250315,EEA,EUA
EUA,EU-27,IPCC Common Reporting Format,CH₄,5.A.1,5.A.1 - Managed Waste Disposal Sites,5.A,Gg,1990,3643.74575,,20250315,EEA,EUA
EUA,EU-27,IPCC Common Reporting Format,CH₄,5.B.1,5.B.1 - Waste Composting,5.B,Gg,1990,18.31228,,20250315,EEA,EUA
EUA,EU-27,IPCC Common Reporting Format,CH₄,5.D,5.D - Wastewater Treatment and Discharge,5,Gg,1990,1307.45671,,20250315,EEA,EUA
EUA,EU-27,IPCC Common Reporting Format,CH₄,5.D,5.D - Wastewater Treatment and Discharge,5,Gg,2019,602.56497,,20250315,EEA,EUA
EUA,EU-27,IPCC Common Reporting Format,CH₄,5.D.1,5.D.1 - Domestic wastewater,5.D,Gg,1990,955.64583,,20250315,EEA,EUA
EUA,EU-27,IPCC Common Reporting Format,CO₂,1.A.1.b,1.A.1.b - Petroleum Refining,1.A.1,Gg,1990,107029.52307,,20250315,EEA,EUA
EUA,EU-27,IPCC Common Reporting Format,CO₂,1.A.2.e,"1.A.2.e - Food Processing, Beverages and Tobacco",1.A.2,Gg,1990,45578.10204,,20250315,EEA,EUA
EUA,EU-27,IPCC Common Reporting Format,CO₂,1.A.3.b.iii,1.A.3.b.iii - Heavy duty trucks and buses,1.A.3.b,Gg,2019,205806.5695,,20250315,EEA,EUA
EUA,EU-27,IPCC Common Reporting Format,CO₂,1.A.3.b.v,1.A.3.b.v - Other Road Transportation,1.A.3.b,Gg,1990,399.81645,,20250315,EEA,EUA
EUA,EU-27,IPCC Common Reporting Format,CO₂,1.A.3.c,1.A.3.c - Railways,1.A.3,Gg,1990,12212.60659,,20250315,EEA,EUA
EUA,EU-27,IPCC Common Reporting Format,CO₂,1.A.4.c,1.A.4.c - Agriculture/Forestry/Fishing,1.A.4,Gg,1990,87648.23767,,20250315,EEA,EUA
EUA,EU-27,IPCC Common Reporting Format,CO₂,1.B,1.B - Fugitive Emissions from Fuels,1,Gg,2019,21463.9322,,20250315,EEA,EUA
EUA,EU-27,IPCC Common Reporting Format,CO₂,1.D.1.b,1.D.1.b - International Navigation,1.D.1,Gg,2019,134719.87381,,20250315,EEA,EUA
EUA,EU-27,IPCC Common Reporting Format,CO₂,2,2 - Industrial Processes and Product Use,Sectors/Totals_incl_incl,Gg,2019,240255.72209,,20250315,EEA,EUA
EUA,EU-27,IPCC Common Reporting Format,CO₂,2.A,2.A - Mineral Industry,2,Gg,2019,105204.05085,,20250315,EEA,EUA
EUA,EU-27,IPCC Common Reporting Format,CO₂,2.A.4,2.A.4 - Other Process Uses of Carbonates,2.A,Gg,2019,9983.42658,,20250315,EEA,EUA
EUA,EU-27,IPCC Common Reporting Format,CO₂,2.B.5,2.B.5 - Carbide Production,2.B,Gg,1990,1798.92781,,20250315,EEA,EUA
EUA,EU-27,IPCC Common Reporting Format,CO₂,2.B.5,2.B.5 - Carbide Production,2.B,Gg,2019,261.14138,,20250315,EEA,EUA
EUA,EU-27,IPCC Common Reporting Format,CO₂,2.B.7,2.B.7 - Soda Ash Production,2.B,Gg,2019,1948.85506,,20250315,EEA,EUA
EUA,EU-27,IPCC Common Reporting Format,CO₂,2.C.2,2.C.2 - Ferroalloys Production,2.C,Gg,2019,2588.24574,,20250315,EEA,EUA
EUA,EU-27,IPCC Common Reporting Format,CO₂,2.C.6,2.C.6 - Zinc Production,2.C,Gg,1990,1610.31102,,20250315,EEA,EUA
EUA,EU-27,IPCC Common Reporting Format,CO₂,2.C.7,2.C.7 - Other Metal Industry,2.C,Gg,1990,464.81544,,20250315,EEA,EUA
EUA,EU-27,IPCC Common Reporting Format,CO₂,2.D.2,2.D.2 - Paraffin Wax Use,2.D,Gg,1990,630.14368,,20250315,EEA,EUA
EUA,EU-27,IPCC Common Reporting Format,CO₂,2.D.3,2.D.3 - Other non energy products,2.D,Gg,2019,3105.39113,,20250315,EEA,EUA
EUA,EU-27,IPCC Common Reporting Format,CO₂,3.G,3.G - Liming,3,Gg,2019,4781.92331,,20250315,EEA,EUA
EUA,EU-27,IPCC Common Reporting Format,CO₂,4(II).C,4(II).C 4(II) Emissions and removals from drainage and rewetting and other management of organic and mineral soils,4.C,Gg,2019,2869.36634,,20250315,EEA,EUA
EUA,EU-27,IPCC Common Reporting Format,CO₂,4.A.1,4.A.1 - Forest Land remaining forest land,4.A,Gg,1990,-324436.04441,,20250315,EEA,EUA
EUA,EU-27,IPCC Common Reporting Format,CO₂,4.B.2,4.B.2 - Land converted to cropland,4.B,Gg,2019,20755.9394,,20250315,EEA,EUA
EUA,EU-27,IPCC Common Reporting Format,CO₂,4.D.2,4.D.2 - Land converted to wetlands,4.D,Gg,1990,976.06381,,20250315,EEA,EUA
EUA,EU-27,IPCC Common Reporting Format,CO₂,4.E,4.E - Settlements,4,Gg,2019,22327.91148,,20250315,EEA,EUA
EUA,EU-27,IPCC Common Reporting Format,CO₂,4.E.1,4.E.1 - Settlements remaining settlements,4.E,Gg,1990,1106.60551,,20250315,EEA,EUA
EUA,EU-27,IPCC Common Reporting Format,CO₂,4.F.2,4.F.2 - Land converted to other land,4.F,Gg,1990,1181.95587,,20250315,EEA,EUA
EUA,EU-27,IPCC Common Reporting Format,CO₂,5.C.1,5.C.1 - Waste Incineration,5.C,Gg,2019,2503.52032,,20250315,EEA,EUA
EUA,EU-27,IPCC Common Reporting Format,CO₂,5.F.3,5.F.3 - Annual Change in Total Long-term C Storage in HWP Waste,5.F,Gg,2019,1197.53054,,20250315,EEA,EUA
EUA,EU-27,IPCC Common Reporting Format,CO₂,6,6 - Other Sector,Sectors/Totals_incl_incl,Gg,1990,,"NA,NO",20250315,EEA,EUA
EUA,EU-27,IPCC Common Reporting Format,CO₂,6,6 - Other Sector,Sectors/Totals_incl_incl,Gg,2019,,"NA,NO",20250315,EEA,EUA
EUA,EU-27,IPCC Common Reporting Format,CO₂,ind_CO2,ind_CO2 - Indirect CO2,Sectors/Totals_incl_incl,Gg,2019,3782.5626,,20250315,EEA,EUA
EUA,EU-27,IPCC Common Reporting Format,HFCs - (CO2 equivalent),2.B,2.B - Chemical Industry,2,Gg CO2 equivalent,2019,1552.62552,,20250315,EEA,EUA
EUA,EU-27,IPCC Common Reporting Format,HFCs - (CO2 equivalent),2.E,2.E - Electronics Industry,2,Gg CO2 equivalent,2019,35.123,,20250315,EEA,EUA
EUA,EU-27,IPCC Common Reporting Format,HFCs - (CO2 equivalent),2.E.1,2.E.1 - Integrated Circuit or Semiconductor,2.E,Gg CO2 equivalent,2019,34.98352,,20250315,EEA,EUA
EUA,EU-27,IPCC Common Reporting Format,HFCs - (CO2 equivalent),2.E.4,2.E.4 - Heat Transfer Fluid,2.E,Gg CO2 equivalent,1990,,"NE,NO",20250315,EEA,EUA
EUA,EU-27,IPCC Common Reporting Format,HFCs - (CO2 equivalent),2.F.2,2.F.2 - Foam Blowing Agents,2.F,Gg CO2 equivalent,1990,,"IE,NA,NE,NO",20250315,EEA,EUA
EUA,EU-27,IPCC Common Reporting Format,HFCs - (CO2 equivalent),2.F.2,2.F.2 - Foam Blowing Agents,2.F,Gg CO2 equivalent,2019,1802.05692,,20250315,EEA,EUA
EUA,EU-27,IPCC Common Reporting Format,HFCs - (CO2 equivalent),2.F.3,2.F.3 - Fire Protection,2.F,Gg CO2 equivalent,1990,,"IE,NA,NE,NO",20250315,EEA,EUA
EUA,EU-27,IPCC Common Reporting Format,HFCs - (CO2 equivalent),2.H,2.H - Other Industrial Process and Product Use,2,Gg CO2 equivalent,2019,3.95395,,20250315,EEA,EUA
EUA,EU-27,IPCC Common Reporting Format,HFCs - (CO2 equivalent),Sectors/Totals_incl,Total net emissions (UNFCCC),,Gg CO2 equivalent,1990,12884.20218,,20250315,EEA,EUA
EUA,EU-27,IPCC Common Reporting Format,N₂O,1.A.2.d,"1.A.2.d - Pulp, Paper and Print",1.A.2,Gg,2019,1.65824,,20250315,EEA,EUA
EUA,EU-27,IPCC Common Reporting Format,N₂O,1.A.3.a,1.A.3.a - Domestic Aviation,1.A.3,Gg,2019,0.4389,,20250315,EEA,EUA
EUA,EU-27,IPCC Common Reporting Format,N₂O,1.A.3.b.i,1.A.3.b.i - Cars,1.A.3.b,Gg,1990,12.26208,,20250315,EEA,EUA
EUA,EU-27,IPCC Common Reporting Format,N₂O,1.A.3.b.i,1.A.3.b.i - Cars,1.A.3.b,Gg,2019,14.61636,,20250315,EEA,EUA
EUA,EU-27,IPCC Common Reporting Format,N₂O,1.A.4.a,1.A.4.a - Commercial/Institutional,1.A.4,Gg,2019,2.08553,,20250315,EEA,EUA
EUA,EU-27,IPCC Common Reporting Format,N₂O,1.A.5,1.A.5 - Other Other Sectors,1.AA,Gg,1990,0.66342,,20250315,EEA,EUA
EUA,EU-27,IPCC Common Reporting Format,N₂O,1.A.5.a,1.A.5.a - Stationary,1.A.5,Gg,2019,0.05625,,20250315,EEA,EUA
EUA,EU-27,IPCC Common Reporting Format,N₂O,1.B.2,1.B.2 - Oil and Natural Gas and Other Emissions from Energy Production,1.B,Gg,2019,0.10082,,20250315,EEA,EUA
EUA,EU-27,IPCC Common Reporting Format,N₂O,1.D.1.b,1.D.1.b - International Navigation,1.D.1,Gg,1990,3.5264,,20250315,EEA,EUA
EUA,EU-27,IPCC Common Reporting Format,N₂O,2,2 - Industrial Processes and Product Use,Sectors/Totals_incl_incl,Gg,2019,28.71141,,20250315,EEA,EUA
EUA,EU-27,IPCC Common Reporting Format,N₂O,2.B.1,2.B.1 - Ammonia Production,2.B,Gg,1990,0.00108,,20250315,EEA,EUA
EUA,EU-27,IPCC Common Reporting Format,N₂O,2.B.1,2.B.1 - Ammonia Production,2.B,Gg,2019,0.00148,,20250315,EEA,EUA
EUA,EU-27,IPCC Common Reporting Format,N₂O,2.D.3,2.D.3 - Other non energy products,2.D,Gg,1990,,"NA,NE,NO",20250315,EEA,EUA
EUA,EU-27,IPCC Common Reporting Format,N₂O,2.D.3,2.D.3 - Other non energy products,2.D,Gg,2019,,"NA,NE,NO",20250315,EEA,EUA
EUA,EU-27,IPCC Common Reporting Format,N₂O,2.G,2.G - Other Product Manufacture and Use,2,Gg,1990,16.66596,,20250315,EEA,EUA
EUA,EU-27,IPCC Common Reporting Format,N₂O,3.B,3.B - Manure Management,3.1,Gg,1990,102.79594,,20250315,EEA,EUA
EUA,EU-27,IPCC Common Reporting Format,N₂O,3.B.3,3.B.3 - Manure Management - Swine,3.B,Gg,1990,11.04134,,20250315,EEA,EUA
EUA,EU-27,IPCC Common Reporting Format,N₂O,3.B.5,3.B.5 - Manure Management - Indirect N2O Emissions,3.B,Gg,1990,39.1799,,20250315,EEA,EUA
EUA,EU-27,IPCC Common Reporting Format,N₂O,3.F.4,3.F.4 - Sugar cane,3.F,Gg,2019,0.00142,,20250315,EEA,EUA
EUA,EU-27,IPCC Common Reporting Format,N₂O,4(IV).E,4(IV).E 4(IV)  Biomass Burning,4.E,Gg,1990,0.01029,,20250315,EEA,EUA
EUA,EU-27,IPCC Common Reporting Format,N₂O,4.A.2,4.A.2 - Land converted to forest land,4.A,Gg,1990,1.89441,,20250315,EEA,EUA
EUA,EU-27,IPCC Common Reporting Format,N₂O,4.B,4.B - Cropland,4,Gg,2019,5.23539,,20250315,EEA,EUA
EUA,EU-27,IPCC Common Reporting Format,N₂O,4.B.1,4.B.1 - Cropland remaining cropland,4.B,Gg,1990,0.23711,,20250315,EEA,EUA
EUA,EU-27,IPCC Common Reporting Format,N₂O,4.D.1,4.D.1 - Wetlands remaining wetlands,4.D,Gg,1990,0.58842,,20250315,EEA,EUA
EUA,EU-27,IPCC Common Reporting Format,N₂O,4.E.1,4.E.1 - Settlements remaining settlements,4.E,Gg,1990,0.25387,,20250315,EEA,EUA
EUA,EU-27,IPCC Common Reporting Format,N₂O,4.F,4.F - Other Land,4,Gg,1990,0.1261,,20250315,EEA,EUA
EUA,EU-27,IPCC Common Reporting Format,N₂O,5.B.2,5.B.2 - Anaerobic Digestion at Biogas Facilities,5.B,Gg,2019,0.28483,,20250315,EEA,EUA
EUA,EU-27,IPCC Common Reporting Format,N₂O,5.C,5.C - Incineration and Open Burning of Waste,5,Gg,1990,1.70378,,20250315,EEA,EUA
EUA,EU-27,IPCC Common Reporting Format,N₂O,5.D.3,5.D.3 - Other Wastewater,5.D,Gg,2019,0.17525,,20250315,EEA,EUA
EUA,EU-27,IPCC Common Reporting Format,NF3 - (CO2 equivalent),2,2 - Industrial Processes and Product Use,Sectors/Totals_incl_incl,Gg CO2 equivalent,2019,65.43789,,20250315,EEA,EUA
EUA,EU-27,IPCC Common Reporting Format,NF3 - (CO2 equivalent),2.C,2.C - Metal Industry,2,Gg CO2 equivalent,1990,,"NA,NO",20250315,EEA,EUA
EUA,EU-27,IPCC Common Reporting Format,NF3 - (CO2 equivalent),2.C,2.C - Metal Industry,2,Gg CO2 equivalent,2019,,"NA,NO",20250315,EEA,EUA
EUA,EU-27,IPCC Common Reporting Format,CH₄,5.A.2,5.A.2 - Unmanaged Waste Disposal Sites,5.A,Gg,2019,380.3488,,20250315,EEA,EUA
EUA,EU-27,IPCC Common Reporting Format,PFCs - (CO2 equivalent),2.F.2,2.F.2 - Foam Blowing Agents,2.F,Gg CO2 equivalent,1990,,NO,20250315,EEA,EUA
EUA,EU-27,IPCC Common Reporting Format,PFCs - (CO2 equivalent),2.F.3,2.F.3 - Fire Protection,2.F,Gg CO2 equivalent,1990,,NO,20250315,EEA,EUA
EUA,EU-27,IPCC Common Reporting Format,PFCs - (CO2 equivalent),Sectors/Totals_excl,Total emissions (UNFCCC),,Gg CO2 equivalent,1990,21787.37208,,20250315,EEA,EUA
EUA,EU-27,IPCC Common Reporting Format,SF6 - (CO2 equivalent),2.B.10,2.B.10 - Other chemical industry,2.B,Gg CO2 equivalent,1990,,"NA,NO",20250315,EEA,EUA
EUA,EU-27,IPCC Common Reporting Format,CH₄,5.C.2,5.C.2 - Open Burning of Waste,5.C,Gg,2019,17.94465,,20250315,EEA,EUA
EUA,EU-27,IPCC Common Reporting Format,CH₄,5.D.2,5.D.2 - Industrial wastewater,5.D,Gg,1990,342.88921,,20250315,EEA,EUA
EUA,EU-27,IPCC Common Reporting Format,SF6 - (CO2 equivalent),2.F.4,2.F.4 - Aerosols,2.F,Gg CO2 equivalent,1990,,"NA,NO",20250315,EEA,EUA
EUA,EU-27,IPCC Common Reporting Format,SF6 - (CO2 equivalent),2.F.4,2.F.4 - Aerosols,2.F,Gg CO2 equivalent,2019,,NO,20250315,EEA,EUA
EUA,EU-27,IPCC Common Reporting Format,CO₂,1.A.1.a,1.A.1.a - Public Electricity and Heat Production,1.A.1,Gg,1990,1226218.21709,,20250315,EEA,EUA
EUA,EU-27,IPCC Common Reporting Format,CO₂,1.A.3,1.A.3 - Transport,1.AA,Gg,1990,661981.08945,,20250315,EEA,EUA
EUA,EU-27,IPCC Common Reporting Format,CO₂,1.A.3.b,1.A.3.b - Road Transportation,1.A.3,Gg,2019,782238.22888,,20250315,EEA,EUA
EUA,EU-27,IPCC Common Reporting Format,CO₂,1.A.3.b.i,1.A.3.b.i - Cars,1.A.3.b,Gg,1990,380411.8319,,20250315,EEA,EUA
EUA,EU-27,IPCC Common Reporting Format,CO₂,1.A.3.b.ii,1.A.3.b.ii - Light duty trucks,1.A.3.b,Gg,1990,58653.10825,,20250315,EEA,EUA
EUA,EU-27,IPCC Common Reporting Format,CO₂,1.A.4.b,1.A.4.b - Residential,1.A.4,Gg,2019,308561.01792,,20250315,EEA,EUA
EUA,EU-27,IPCC Common Reporting Format,CO₂,1.A.4.c,1.A.4.c - Agriculture/Forestry/Fishing,1.A.4,Gg,2019,72638.37147,,20250315,EEA,EUA
EUA,EU-27,IPCC Common Reporting Format,CO₂,1.A.5.b,1.A.5.b - Mobile,1.A.5,Gg,1990,8087.86219,,20250315,EEA,EUA
EUA,EU-27,IPCC Common Reporting Format,Unspecified mix of HFCs and PFCs - (CO2 equivalent),2.E.1,2.E.1 - Integrated Circuit or Semiconductor,2.E,Gg CO2 equivalent,2019,,NO,20250315,EEA,EUA
EUA,EU-27,IPCC Common Reporting Format,CO₂,1.A.5.b,1.A.5.b - Mobile,1.A.5,Gg,2019,2465.36409,,20250315,EEA,EUA
EUA,EU-27,IPCC Common Reporting Format,CO₂,1.C,1.C - CO2 Transport and Storage,1,Gg,2019,,"IE,NA,NO",20250315,EEA,EUA
EUA,EU-27,IPCC Common Reporting Format,CO₂,1.D.1.b,1.D.1.b - International Navigation,1.D.1,Gg,1990,99728.78484,,20250315,EEA,EUA
EUA,EU-27,IPCC Common Reporting Format,CO₂,2,2 - Industrial Processes and Product Use,Sectors/Totals_incl_incl,Gg,1990,315486.45483,,20250315,EEA,EUA
EUA,EU-27,IPCC Common Reporting Format,Unspecified mix of HFCs and PFCs - (CO2 equivalent),2.F.5,2.F.5 - Solvents,2.F,Gg CO2 equivalent,1990,,NO,20250315,EEA,EUA
EUA,EU-27,IPCC Common Reporting Format,Unspecified mix of HFCs and PFCs - (CO2 equivalent),2.F.5,2.F.5 - Solvents,2.F,Gg CO2 equivalent,2019,,NO,20250315,EEA,EUA
EUA,EU-27,IPCC Common Reporting Format,CO₂,2.B.3,2.B.3 - Adipic Acid Production,2.B,Gg,1990,26.45947,,20250315,EEA,EUA
EUA,EU-27,IPCC Common Reporting Format,CO₂,2.B.4,"2.B.4 - Caprolactam, Glyoxal and Glyoxylic Acid Production",2.B,Gg,1990,,"NA,NO",20250315,EEA,EUA
EUA,EU-27,IPCC Common Reporting Format,CO₂,2.B.4,"2.B.4 - Caprolactam, Glyoxal and Glyoxylic Acid Production",2.B,Gg,2019,,"NA,NO",20250315,EEA,EUA
EUA,EU-27,IPCC Common Reporting Format,CO₂,2.B.6,2.B.6 - Titanium Dioxide Production,2.B,Gg,2019,120.09837,,20250315,EEA,EUA
EUA,EU-27,IPCC Common Reporting Format,CO₂,2.C.1,2.C.1 - Iron and Steel Production,2.C,Gg,2019,66658.94907,,20250315,EEA,EUA
EUA,EU-27,IPCC Common Reporting Format,CO₂,2.C.3,2.C.3 - Aluminium Production,2.C,Gg,2019,3074.1763,,20250315,EEA,EUA
EUA,EU-27,IPCC Common Reporting Format,CO₂,2.C.4,2.C.4 - Magnesium Production,2.C,Gg,2019,,"IE,NA,NO",20250315,EEA,EUA
EUA,EU-27,IPCC Common Reporting Format,CO₂,2.D.1,2.D.1 - Lubricant Use,2.D,Gg,1990,3013.78404,,20250315,EEA,EUA
EUA,EU-27,IPCC Common Reporting Format,CO₂,2.D.1,2.D.1 - Lubricant Use,2.D,Gg,2019,2254.94561,,20250315,EEA,EUA
EUA,EU-27,IPCC Common Reporting Format,CO₂,3.G,3.G - Liming,3,Gg,1990,9435.7005,,20250315,EEA,EUA
EUA,EU-27,IPCC Common Reporting Format,CO₂,4.A,4.A - Forest Land,4,Gg,1990,-378919.3884,,20250315,EEA,EUA
EUA,EU-27,IPCC Common Reporting Format,CO₂,4.C.1,4.C.1 - Grassland remaining grassland,4.C,Gg,1990,44866.7037,,20250315,EEA,EUA
EUA,EU-27,IPCC Common Reporting Format,CO₂,5.C,5.C - Incineration and Open Burning of Waste,5,Gg,1990,3373.67119,,20250315,EEA,EUA
EUA,EU-27,IPCC Common Reporting Format,CO₂,5.C.1,5.C.1 - Waste Incineration,5.C,Gg,1990,3290.31265,,20250315,EEA,EUA
EUA,EU-27,IPCC Common Reporting Format,CO₂,5.E,5.E - Other Disposal,5,Gg,2019,14.63273,,20250315,EEA,EUA
EUA,EU-27,IPCC Common Reporting Format,CO₂,Sectors/Totals_excl,Total emissions (UNFCCC),,Gg,2019,2918209.1663,,20250315,EEA,EUA
EUA,EU-27,IPCC Common Reporting Format,CO₂,Sectors/Totals_incl,Total net emissions (UNFCCC),,Gg,1990,3614383.50492,,20250315,EEA,EUA
EUA,EU-27,IPCC Common Reporting Format,HFCs - (CO2 equivalent),2,2 - Industrial Processes and Product Use,Sectors/Totals_incl_incl,Gg CO2 equivalent,1990,12884.20218,,20250315,EEA,EUA
EUA,EU-27,IPCC Common Reporting Format,HFCs - (CO2 equivalent),2,2 - Industrial Processes and Product Use,Sectors/Totals_incl_incl,Gg CO2 equivalent,2019,71212.94884,,20250315,EEA,EUA
EUA,EU-27,IPCC Common Reporting Format,HFCs - (CO2 equivalent),2.F.1,2.F.1 - Refrigeration and Air conditioning,2.F,Gg CO2 equivalent,1990,4.66278,,20250315,EEA,EUA
EUA,EU-27,IPCC Common Reporting Format,HFCs - (CO2 equivalent),2.F.5,2.F.5 - Solvents,2.F,Gg CO2 equivalent,1990,,"IE,NA,NO",20250315,EEA,EUA
EUA,EU-27,IPCC Common Reporting Format,HFCs - (CO2 equivalent),2.F.6,2.F.6 - Other Applications,2.F,Gg CO2 equivalent,1990,,"IE,NO",20250315,EEA,EUA
EUA,EU-27,IPCC Common Reporting Format,HFCs - (CO2 equivalent),2.G,2.G - Other Product Manufacture and Use,2,Gg CO2 equivalent,1990,,"NA,NO",20250315,EEA,EUA
EUA,EU-27,IPCC Common Reporting Format,N₂O,1.A.1.c,1.A.1.c - Manufacture of Solid Fuels and Other Energy Industries,1.A.1,Gg,1990,2.46942,,20250315,EEA,EUA
EUA,EU-27,IPCC Common Reporting Format,N₂O,1.A.3,1.A.3 - Transport,1.AA,Gg,2019,29.12566,,20250315,EEA,EUA
EUA,EU-27,IPCC Common Reporting Format,N₂O,1.A.3.b.iii,1.A.3.b.iii - Heavy duty trucks and buses,1.A.3.b,Gg,1990,4.66179,,20250315,EEA,EUA
EUA,EU-27,IPCC Common Reporting Format,N₂O,1.A.4.b,1.A.4.b - Residential,1.A.4,Gg,2019,11.74272,,20250315,EEA,EUA
EUA,EU-27,IPCC Common Reporting Format,N₂O,1.B,1.B - Fugitive Emissions from Fuels,1,Gg,1990,0.1738,,20250315,EEA,EUA
EUA,EU-27,IPCC Common Reporting Format,N₂O,1.B.1,1.B.1 - Solid Fuels,1.B,Gg,1990,0.00025,,20250315,EEA,EUA
EUA,EU-27,IPCC Common Reporting Format,N₂O,1.D.1.a,1.D.1.a - International Aviation,1.D.1,Gg,2019,3.78838,,20250315,EEA,EUA
EUA,EU-27,IPCC Common Reporting Format,N₂O,2.B.4,"2.B.4 - Caprolactam, Glyoxal and Glyoxylic Acid Production",2.B,Gg,1990,14.2251,,20250315,EEA,EUA
EUA,EU-27,IPCC Common Reporting Format,N₂O,2.B.4,"2.B.4 - Caprolactam, Glyoxal and Glyoxylic Acid Production",2.B,Gg,2019,5.6906,,20250315,EEA,EUA
EUA,EU-27,IPCC Common Reporting Format,N₂O,2.C,2.C - Metal Industry,2,Gg,2019,0.04925,,20250315,EEA,EUA
EUA,EU-27,IPCC Common Reporting Format,N₂O,2.D.2,2.D.2 - Paraffin Wax Use,2.D,Gg,1990,0.00252,,20250315,EEA,EUA
EUA,EU-27,IPCC Common Reporting Format,N₂O,2.H,2.H - Other Industrial Process and Product Use,2,Gg,2019,0.29563,,20250315,EEA,EUA
EUA,EU-27,IPCC Common Reporting Format,N₂O,3.B,3.B - Manure Management,3.1,Gg,2019,71.14637,,20250315,EEA,EUA
EUA,EU-27,IPCC Common Reporting Format,N₂O,3.B.2,3.B.2 - Manure Management - Sheep,3.B,Gg,2019,2.00731,,20250315,EEA,EUA
EUA,EU-27,IPCC Common Reporting Format,N₂O,3.D.2,3.D.2 - Indirect N2O emissions from managed soils,3.D,Gg,2019,91.57062,,20250315,EEA,EUA
EUA,EU-27,IPCC Common Reporting Format,N₂O,3.F.3,3.F.3 - Tubers and roots,3.F,Gg,2019,0.00487,,20250315,EEA,EUA
EUA,EU-27,IPCC Common Reporting Format,N₂O,4,"4 - Land Use, Land-Use Change and Forestry",Sectors/Totals_incl_incl,Gg,1990,42.58122,,20250315,EEA,EUA
EUA,EU-27,IPCC Common Reporting Format,N₂O,4(II).D,4(II).D 4(II)  Emissions and removals from drainage and rewetting and other management of organic and mineral soils,4.D,Gg,1990,0.53301,,20250315,EEA,EUA
EUA,EU-27,IPCC Common Reporting Format,N₂O,4(IV).F,4(IV).F 4.F Biomass Burning,4.F,Gg,1990,4e-05,,20250315,EEA,EUA
EUA,EU-27,IPCC Common Reporting Format,N₂O,4.A.2,4.A.2 - Land converted to forest land,4.A,Gg,2019,1.66037,,20250315,EEA,EUA
EUA,EU-27,IPCC Common Reporting Format,N₂O,4.B.1,4.B.1 - Cropland remaining cropland,4.B,Gg,2019,0.16505,,20250315,EEA,EUA
EUA,EU-27,IPCC Common Reporting Format,N₂O,4.C,4.C - Grassland,4,Gg,1990,3.25323,,20250315,EEA,EUA
EUA,EU-27,IPCC Common Reporting Format,N₂O,4.C.1,4.C.1 - Grassland remaining grassland,4.C,Gg,1990,2.19306,,20250315,EEA,EUA
EUA,EU-27,IPCC Common Reporting Format,N₂O,4.C.2,4.C.2 - Land converted to grassland,4.C,Gg,2019,0.72222,,20250315,EEA,EUA
EUA,EU-27,IPCC Common Reporting Format,N₂O,4.D,4.D - Wetlands,4,Gg,2019,1.03788,,20250315,EEA,EUA
EUA,EU-27,IPCC Common Reporting Format,N₂O,4.D.1,4.D.1 - Wetlands remaining wetlands,4.D,Gg,2019,0.7225,,20250315,EEA,EUA
EUA,EU-27,IPCC Common Reporting Format,N₂O,5.B,5.B - Biological Treatment of Solid Waste,5,Gg,2019,7.00788,,20250315,EEA,EUA
EUA,EU-27,IPCC Common Reporting Format,N₂O,5.B.1,5.B.1 - Waste Composting,5.B,Gg,1990,1.15513,,20250315,EEA,EUA
EUA,EU-27,IPCC Common Reporting Format,N₂O,5.D,5.D - Wastewater Treatment and Discharge,5,Gg,1990,29.77551,,20250315,EEA,EUA
EUA,EU-27,IPCC Common Reporting Format,N₂O,5.D,5.D - Wastewater Treatment and Discharge,5,Gg,2019,36.31145,,20250315,EEA,EUA
EUA,EU-27,IPCC Common Reporting Format,NF3 - (CO2 equivalent),2.E.1,2.E.1 - Integrated Circuit or Semiconductor,2.E,Gg CO2 equivalent,1990,21.86687,,20250315,EEA,EUA
EUA,EU-27,IPCC Common Reporting Format,NF3 - (CO2 equivalent),2.E.4,2.E.4 - Heat Transfer Fluid,2.E,Gg CO2 equivalent,1990,,NO,20250315,EEA,EUA
EUA,EU-27,IPCC Common Reporting Format,NF3 - (CO2 equivalent),2.E.4,2.E.4 - Heat Transfer Fluid,2.E,Gg CO2 equivalent,2019,,NO,20250315,EEA,EUA
EUA,EU-27,IPCC Common Reporting Format,NF3 - (CO2 equivalent),2.F,2.F - Product Uses as Substitutes for ODS,2,Gg CO2 equivalent,1990,,NO,20250315,EEA,EUA
EUA,EU-27,IPCC Common Reporting Format,NF3 - (CO2 equivalent),2.F,2.F - Product Uses as Substitutes for ODS,2,Gg CO2 equivalent,2019,,NO,20250315,EEA,EUA
EUA,EU-27,IPCC Common Reporting Format,NF3 - (CO2 equivalent),2.F.2,2.F.2 - Foam Blowing Agents,2.F,Gg CO2 equivalent,1990,,NO,20250315,EEA,EUA
EUA,EU-27,IPCC Common Reporting Format,NF3 - (CO2 equivalent),2.F.2,2.F.2 - Foam Blowing Agents,2.F,Gg CO2 equivalent,2019,,NO,20250315,EEA,EUA
EUA,EU-27,IPCC Common Reporting Format,NF3 - (CO2 equivalent),2.F.3,2.F.3 - Fire Protection,2.F,Gg CO2 equivalent,2019,,NO,20250315,EEA,EUA
EUA,EU-27,IPCC Common Reporting Format,NF3 - (CO2 equivalent),2.F.6,2.F.6 - Other Applications,2.F,Gg CO2 equivalent,1990,,NO,20250315,EEA,EUA
EUA,EU-27,IPCC Common Reporting Format,NF3 - (CO2 equivalent),2.F.6,2.F.6 - Other Applications,2.F,Gg CO2 equivalent,2019,,NO,20250315,EEA,EUA
EUA,EU-27,IPCC Common Reporting Format,NF3 - (CO2 equivalent),2.G,2.G - Other Product Manufacture and Use,2,Gg CO2 equivalent,1990,,"NA,NO",20250315,EEA,EUA
EUA,EU-27,IPCC Common Reporting Format,PFCs - (CO2 equivalent),2.E.1,2.E.1 - Integrated Circuit or Semiconductor,2.E,Gg CO2 equivalent,1990,392.21116,,20250315,EEA,EUA
EUA,EU-27,IPCC Common Reporting Format,PFCs - (CO2 equivalent),2.E.1,2.E.1 - Integrated Circuit or Semiconductor,2.E,Gg CO2 equivalent,2019,498.8125,,20250315,EEA,EUA
EUA,EU-27,IPCC Common Reporting Format,PFCs - (CO2 equivalent),2.E.5,2.E.5 - Other electronics industry,2.E,Gg CO2 equivalent,2019,0.98787,,20250315,EEA,EUA
EUA,EU-27,IPCC Common Reporting Format,SF6 - (CO2 equivalent),2,2 - Industrial Processes and Product Use,Sectors/Totals_incl_incl,Gg CO2 equivalent,2019,6545.56195,,20250315,EEA,EUA
EUA,EU-27,IPCC Common Reporting Format,SF6 - (CO2 equivalent),2.B.9,2.B.9 - Fluorochemical Production,2.B,Gg CO2 equivalent,2019,133.62064,,20250315,EEA,EUA
EUA,EU-27,IPCC Common Reporting Format,SF6 - (CO2 equivalent),2.E.1,2.E.1 - Integrated Circuit or Semiconductor,2.E,Gg CO2 equivalent,2019,170.43716,,20250315,EEA,EUA
EUA,EU-27,IPCC Common Reporting Format,SF6 - (CO2 equivalent),2.E.2,2.E.2 - TFT Flat Panel Display,2.E,Gg CO2 equivalent,1990,,NO,20250315,EEA,EUA
EUA,EU-27,IPCC Common Reporting Format,SF6 - (CO2 equivalent),2.E.2,2.E.2 - TFT Flat Panel Display,2.E,Gg CO2 equivalent,2019,,NO,20250315,EEA,EUA
EUA,EU-27,IPCC Common Reporting Format,SF6 - (CO2 equivalent),2.E.3,2.E.3 - Photovoltaics,2.E,Gg CO2 equivalent,1990,,NO,20250315,EEA,EUA
EUA,EU-27,IPCC Common Reporting Format,SF6 - (CO2 equivalent),2.E.3,2.E.3 - Photovoltaics,2.E,Gg CO2 equivalent,2019,,NO,20250315,EEA,EUA
EUA,EU-27,IPCC Common Reporting Format,SF6 - (CO2 equivalent),2.E.5,2.E.5 - Other electronics industry,2.E,Gg CO2 equivalent,1990,,"NA,NO",20250315,EEA,EUA
EUA,EU-27,IPCC Common Reporting Format,SF6 - (CO2 equivalent),2.E.5,2.E.5 - Other electronics industry,2.E,Gg CO2 equivalent,2019,,"NA,NO",20250315,EEA,EUA
EUA,EU-27,IPCC Common Reporting Format,SF6 - (CO2 equivalent),Sectors/Totals_incl,Total net emissions (UNFCCC),,Gg CO2 equivalent,1990,9900.16973,,20250315,EEA,EUA
EUA,EU-27,IPCC Common Reporting Format,Unspecified mix of HFCs and PFCs - (CO2 equivalent),2.B.9,2.B.9 - Fluorochemical Production,2.B,Gg CO2 equivalent,1990,4787.21475,,20250315,EEA,EUA
EUA,EU-27,IPCC Common Reporting Format,Unspecified mix of HFCs and PFCs - (CO2 equivalent),2.F.1,2.F.1 - Refrigeration and Air conditioning,2.F,Gg CO2 equivalent,1990,,NO,20250315,EEA,EUA
EUA,EU-27,IPCC Common Reporting Format,Unspecified mix of HFCs and PFCs - (CO2 equivalent),2.G,2.G - Other Product Manufacture and Use,2,Gg CO2 equivalent,1990,,"NA,NO",20250315,EEA,EUA
EUA,EU-27,IPCC Common Reporting Format,Unspecified mix of HFCs and PFCs - (CO2 equivalent),2.G,2.G - Other Product Manufacture and Use,2,Gg CO2 equivalent,2019,,"NA,NO",20250315,EEA,EUA
EUA,EU-27,IPCC Common Reporting Format,Unspecified mix of HFCs and PFCs - (CO2 equivalent),Sectors/Totals_incl,Total net emissions (UNFCCC),,Gg CO2 equivalent,2019,1578.4548,,20250315,EEA,EUA
EUA,EU-27,IPCC Common Reporting Format,All greenhouse gases - (CO2 equivalent),1.A.1.b,1.A.1.b - Petroleum Refining,1.A.1,Gg CO2 equivalent,1990,107520.52811,,20250315,EEA,EUA
EUA,EU-27,IPCC Common Reporting Format,All greenhouse gases - (CO2 equivalent),1.A.2.c,1.A.2.c - Chemicals,1.A.2,Gg CO2 equivalent,1990,94775.97399,,20250315,EEA,EUA
EUA,EU-27,IPCC Common Reporting Format,All greenhouse gases - (CO2 equivalent),1.A.2.c,1.A.2.c - Chemicals,1.A.2,Gg CO2 equivalent,2019,58163.25457,,20250315,EEA,EUA
EUA,EU-27,IPCC Common Reporting Format,All greenhouse gases - (CO2 equivalent),1.A.3,1.A.3 - Transport,1.AA,Gg CO2 equivalent,2019,834174.43952,,20250315,EEA,EUA
EUA,EU-27,IPCC Common Reporting Format,All greenhouse gases - (CO2 equivalent),1.A.3.a,1.A.3.a - Domestic Aviation,1.A.3,Gg CO2 equivalent,2019,14909.55297,,20250315,EEA,EUA
EUA,EU-27,IPCC Common Reporting Format,All greenhouse gases - (CO2 equivalent),1.A.3.b,1.A.3.b - Road Transportation,1.A.3,Gg CO2 equivalent,2019,790590.24342,,20250315,EEA,EUA
EUA,EU-27,IPCC Common Reporting Format,All greenhouse gases - (CO2 equivalent),1.A.5.a,1.A.5.a - Stationary,1.A.5,Gg CO2 equivalent,1990,14185.31428,,20250315,EEA,EUA
EUA,EU-27,IPCC Common Reporting Format,All greenhouse gases - (CO2 equivalent),1.A.5.a,1.A.5.a - Stationary,1.A.5,Gg CO2 equivalent,2019,3480.08659,,20250315,EEA,EUA
EUA,EU-27,IPCC Common Reporting Format,All greenhouse gases - (CO2 equivalent),1.B,1.B - Fugitive Emissions from Fuels,1,Gg CO2 equivalent,2019,67928.35543,,20250315,EEA,EUA
EUA,EU-27,IPCC Common Reporting Format,All greenhouse gases - (CO2 equivalent),1.D.1.a,1.D.1.a - International Aviation,1.D.1,Gg CO2 equivalent,1990,54630.6134,,20250315,EEA,EUA
EUA,EU-27,IPCC Common Reporting Format,All greenhouse gases - (CO2 equivalent),1.D.2,1.D.2 - Multilateral Operations,1.D,Gg CO2 equivalent,1990,0.6678,,20250315,EEA,EUA
EUA,EU-27,IPCC Common Reporting Format,All greenhouse gases - (CO2 equivalent),1.D.2,1.D.2 - Multilateral Operations,1.D,Gg CO2 equivalent,2019,1.74151,,20250315,EEA,EUA
EUA,EU-27,IPCC Common Reporting Format,All greenhouse gases - (CO2 equivalent),2.A.3,2.A.3 - Glass production,2.A,Gg CO2 equivalent,2019,3969.1735,,20250315,EEA,EUA
EUA,EU-27,IPCC Common Reporting Format,All greenhouse gases - (CO2 equivalent),2.E.1,2.E.1 - Integrated Circuit or Semiconductor,2.E,Gg CO2 equivalent,1990,727.73261,,20250315,EEA,EUA
EUA,EU-27,IPCC Common Reporting Format,All greenhouse gases - (CO2 equivalent),2.E.1,2.E.1 - Integrated Circuit or Semiconductor,2.E,Gg CO2 equivalent,2019,769.67107,,20250315,EEA,EUA
EUA,EU-27,IPCC Common Reporting Format,All greenhouse gases - (CO2 equivalent),2.E.4,2.E.4 - Heat Transfer Fluid,2.E,Gg CO2 equivalent,2019,23.29212,,20250315,EEA,EUA
EUA,EU-27,IPCC Common Reporting Format,All greenhouse gases - (CO2 equivalent),2.E.5,2.E.5 - Other electronics industry,2.E,Gg CO2 equivalent,2019,0.98787,,20250315,EEA,EUA
EUA,EU-27,IPCC Common Reporting Format,All greenhouse gases - (CO2 equivalent),2.F.1,2.F.1 - Refrigeration and Air conditioning,2.F,Gg CO2 equivalent,2019,64647.45996,,20250315,EEA,EUA
EUA,EU-27,IPCC Common Reporting Format,All greenhouse gases - (CO2 equivalent),2.F.2,2.F.2 - Foam Blowing Agents,2.F,Gg CO2 equivalent,1990,,—,20250315,EEA,EUA
EUA,EU-27,IPCC Common Reporting Format,All greenhouse gases - (CO2 equivalent),2.F.3,2.F.3 - Fire Protection,2.F,Gg CO2 equivalent,1990,,—,20250315,EEA,EUA
EUA,EU-27,IPCC Common Reporting Format,All greenhouse gases - (CO2 equivalent),2.F.5,2.F.5 - Solvents,2.F,Gg CO2 equivalent,2019,33.56072,,20250315,EEA,EUA
EUA,EU-27,IPCC Common Reporting Format,All greenhouse gases - (CO2 equivalent),3,3 - Agriculture,Sectors/Totals_incl_incl,Gg CO2 equivalent,1990,489513.93599,,20250315,EEA,EUA
EUA,EU-27,IPCC Common Reporting Format,All greenhouse gases - (CO2 equivalent),3.A.2,3.A.2 - Enteric Fermentation - Sheep,3.A,Gg CO2 equivalent,1990,23179.17483,,20250315,EEA,EUA
EUA,EU-27,IPCC Common Reporting Format,All greenhouse gases - (CO2 equivalent),3.A.3,3.A.3 - Enteric Fermentation - Swine,3.A,Gg CO2 equivalent,2019,4469.65479,,20250315,EEA,EUA
EUA,EU-27,IPCC Common Reporting Format,All greenhouse gases - (CO2 equivalent),3.B,3.B - Manure Management,3.1,Gg CO2 equivalent,1990,83214.28538,,20250315,EEA,EUA
EUA,EU-27,IPCC Common Reporting Format,All greenhouse gases - (CO2 equivalent),3.B.1,3.B.1 - Manure Management - Cattle,3.B,Gg CO2 equivalent,1990,37866.19356,,20250315,EEA,EUA
EUA,EU-27,IPCC Common Reporting Format,All greenhouse gases - (CO2 equivalent),3.B.3,3.B.3 - Manure Management - Swine,3.B,Gg CO2 equivalent,1990,28310.83927,,20250315,EEA,EUA
EUA,EU-27,IPCC Common Reporting Format,All greenhouse gases - (CO2 equivalent),3.B.5,3.B.5 - Manure Management - Indirect N2O Emissions,3.B,Gg CO2 equivalent,1990,10382.67469,,20250315,EEA,EUA
EUA,EU-27,IPCC Common Reporting Format,All greenhouse gases - (CO2 equivalent),3.C.1,3.C.1 - Irrigated,3.C,Gg CO2 equivalent,2019,2833.89794,,20250315,EEA,EUA
EUA,EU-27,IPCC Common Reporting Format,All greenhouse gases - (CO2 equivalent),3.C.4,3.C.4 - Other Rice Cultivation,3.C,Gg CO2 equivalent,1990,,—,20250315,EEA,EUA
EUA,EU-27,IPCC Common Reporting Format,All greenhouse gases - (CO2 equivalent),3.C.4,3.C.4 - Other Rice Cultivation,3.C,Gg CO2 equivalent,2019,,—,20250315,EEA,EUA
EUA,EU-27,IPCC Common Reporting Format,All greenhouse gases - (CO2 equivalent),3.D,3.D - Agricultural Soils,3,Gg CO2 equivalent,1990,146216.52582,,20250315,EEA,EUA
EUA,EU-27,IPCC Common Reporting Format,All greenhouse gases - (CO2 equivalent),3.F,3.F - Field Burning of Agricultural Residues,3,Gg CO2 equivalent,1990,2132.31937,,20250315,EEA,EUA
EUA,EU-27,IPCC Common Reporting Format,All greenhouse gases - (CO2 equivalent),3.F.2,3.F.2 - Pulses,3.F,Gg CO2 equivalent,1990,1.80451,,20250315,EEA,EUA
EUA,EU-27,IPCC Common Reporting Format,All greenhouse gases - (CO2 equivalent),4(IV).E,4(IV).E 4(IV)  Biomass Burning,4.E,Gg CO2 equivalent,2019,41.98523,,20250315,EEA,EUA
EUA,EU-27,IPCC Common Reporting Format,All greenhouse gases - (CO2 equivalent),4.F,4.F - Other Land,4,Gg CO2 equivalent,1990,1215.51592,,20250315,EEA,EUA
EUA,EU-27,IPCC Common Reporting Format,All greenhouse gases - (CO2 equivalent),4.G,4.G - Harvested Wood Products,4,Gg CO2 equivalent,1990,-28769.5805,,20250315,EEA,EUA
EUA,EU-27,IPCC Common Reporting Format,All greenhouse gases - (CO2 equivalent),5.A,5.A - Solid Waste Disposal,5,Gg CO2 equivalent,2019,76768.96342,,20250315,EEA,EUA
EUA,EU-27,IPCC Common Reporting Format,All greenhouse gases - (CO2 equivalent),5.A.1,5.A.1 - Managed Waste Disposal Sites,5.A,Gg CO2 equivalent,1990,102024.88109,,20250315,EEA,EUA
EUA,EU-27,IPCC Common Reporting Format,All greenhouse gases - (CO2 equivalent),5.C,5.C - Incineration and Open Burning of Waste,5,Gg CO2 equivalent,2019,3490.96935,,20250315,EEA,EUA
EUA,EU-27,IPCC Common Reporting Format,All greenhouse gases - (CO2 equivalent),5.C.1,5.C.1 - Waste Incineration,5.C,Gg CO2 equivalent,1990,3505.78652,,20250315,EEA,EUA
EUA,EU-27,IPCC Common Reporting Format,All greenhouse gases - (CO2 equivalent),5.D,5.D - Wastewater Treatment and Discharge,5,Gg CO2 equivalent,1990,44499.29788,,20250315,EEA,EUA
EUA,EU-27,IPCC Common Reporting Format,All greenhouse gases - (CO2 equivalent),5.D,5.D - Wastewater Treatment and Discharge,5,Gg CO2 equivalent,2019,26494.35433,,20250315,EEA,EUA
EUA,EU-27,IPCC Common Reporting Format,All greenhouse gases - (CO2 equivalent),5.D.2,5.D.2 - Industrial wastewater,5.D,Gg CO2 equivalent,1990,10616.09746,,20250315,EEA,EUA
EUA,EU-27,IPCC Common Reporting Format,All greenhouse gases - (CO2 equivalent),5.D.3,5.D.3 - Other Wastewater,5.D,Gg CO2 equivalent,2019,128.77434,,20250315,EEA,EUA
EUA,EU-27,IPCC Common Reporting Format,All greenhouse gases - (CO2 equivalent),5.F.1,5.F.1 - Long-term Storage of C in Waste Disposal Sites,5.F,Gg CO2 equivalent,2019,222755.57907,,20250315,EEA,EUA
EUA,EU-27,IPCC Common Reporting Format,CH₄,1.A.1,1.A.1 - Energy Industries,1.AA,Gg,2019,133.71591,,20250315,EEA,EUA
EUA,EU-27,IPCC Common Reporting Format,CH₄,1.A.1.a,1.A.1.a - Public Electricity and Heat Production,1.A.1,Gg,1990,21.31897,,20250315,EEA,EUA
EUA,EU-27,IPCC Common Reporting Format,CH₄,1.A.2,1.A.2 - Manufacturing Industries and Construction,1.AA,Gg,1990,46.88478,,20250315,EEA,EUA
EUA,EU-27,IPCC Common Reporting Format,CH₄,1.A.2.d,"1.A.2.d - Pulp, Paper and Print",1.A.2,Gg,1990,4.20704,,20250315,EEA,EUA
EUA,EU-27,IPCC Common Reporting Format,CH₄,1.A.2.g,1.A.2.g - Other Manufacturing Industries and Constructions,1.A.2,Gg,2019,22.81687,,20250315,EEA,EUA
EUA,EU-27,IPCC Common Reporting Format,CH₄,1.A.3.b.v,1.A.3.b.v - Other Road Transportation,1.A.3.b,Gg,2019,0.10738,,20250315,EEA,EUA
EUA,EU-27,IPCC Common Reporting Format,CH₄,1.A.5,1.A.5 - Other Other Sectors,1.AA,Gg,2019,0.40386,,20250315,EEA,EUA
EUA,EU-27,IPCC Common Reporting Format,CH₄,1.B.2,1.B.2 - Oil and Natural Gas and Other Emissions from Energy Production,1.B,Gg,2019,711.66739,,20250315,EEA,EUA
EUA,EU-27,IPCC Common Reporting Format,CH₄,1.D.1.a,1.D.1.a - International Aviation,1.D.1,Gg,1990,0.74,,20250315,EEA,EUA
EUA,EU-27,IPCC Common Reporting Format,CH₄,1.D.1.a,1.D.1.a - International Aviation,1.D.1,Gg,2019,0.86926,,20250315,EEA,EUA
EUA,EU-27,IPCC Common Reporting Format,CH₄,2,2 - Industrial Processes and Product Use,Sectors/Totals_incl_incl,Gg,2019,59.1237,,20250315,EEA,EUA
EUA,EU-27,IPCC Common Reporting Format,CH₄,2.D,2.D - Non-energy Products from Fuels and Solvent Use,2,Gg,2019,0.04874,,20250315,EEA,EUA
EUA,EU-27,IPCC Common Reporting Format,CH₄,3.A.3,3.A.3 - Enteric Fermentation - Swine,3.A,Gg,1990,211.00334,,20250315,EEA,EUA
EUA,EU-27,IPCC Common Reporting Format,CH₄,3.A.4,3.A.4 - Enteric Fermentation - Other livestock,3.A,Gg,1990,244.01489,,20250315,EEA,EUA
EUA,EU-27,IPCC Common Reporting Format,CH₄,3.B.2,3.B.2 - Manure Management - Sheep,3.B,Gg,1990,36.89701,,20250315,EEA,EUA
EUA,EU-27,IPCC Common Reporting Format,CH₄,3.F.2,3.F.2 - Pulses,3.F,Gg,1990,0.0484,,20250315,EEA,EUA
EUA,EU-27,IPCC Common Reporting Format,CH₄,3.F.2,3.F.2 - Pulses,3.F,Gg,2019,0.00827,,20250315,EEA,EUA
EUA,EU-27,IPCC Common Reporting Format,CH₄,3.J,3.J - Other agriculture emissions,3,Gg,1990,0.0112,,20250315,EEA,EUA
EUA,EU-27,IPCC Common Reporting Format,CH₄,4(IV).F,4(IV).F 4.F Biomass Burning,4.F,Gg,1990,0.00516,,20250315,EEA,EUA
EUA,EU-27,IPCC Common Reporting Format,CH₄,4.A.2,4.A.2 - Land converted to forest land,4.A,Gg,1990,4.10208,,20250315,EEA,EUA
EUA,EU-27,IPCC Common Reporting Format,CH₄,4.C.2,4.C.2 - Land converted to grassland,4.C,Gg,2019,10.30228,,20250315,EEA,EUA
EUA,EU-27,IPCC Common Reporting Format,CH₄,4.E,4.E - Settlements,4,Gg,2019,2.86017,,20250315,EEA,EUA
EUA,EU-27,IPCC Common Reporting Format,CH₄,4.E.2,4.E.2 - Land converted to settlements,4.E,Gg,1990,1.63745,,20250315,EEA,EUA
EUA,EU-27,IPCC Common Reporting Format,CH₄,4.E.2,4.E.2 - Land converted to settlements,4.E,Gg,2019,2.10429,,20250315,EEA,EUA
EUA,EU-27,IPCC Common Reporting Format,CH₄,4.H,4.H - Other LULUCF,4,Gg,1990,,"NA,NO",20250315,EEA,EUA
EUA,EU-27,IPCC Common Reporting Format,CH₄,5.A.3,5.A.3 - Uncategorized Waste Disposal Sites,5.A,Gg,2019,6.13382,,20250315,EEA,EUA
EUA,EU-27,IPCC Common Reporting Format,CH₄,5.B.2,5.B.2 - Anaerobic Digestion at Biogas Facilities,5.B,Gg,1990,0.29171,,20250315,EEA,EUA
EUA,EU-27,IPCC Common Reporting Format,CH₄,5.B.2,5.B.2 - Anaerobic Digestion at Biogas Facilities,5.B,Gg,2019,55.1267,,20250315,EEA,EUA
EUA,EU-27,IPCC Common Reporting Format,CH₄,5.D.1,5.D.1 - Domestic wastewater,5.D,Gg,2019,398.30553,,20250315,EEA,EUA
EUA,EU-27,IPCC Common Reporting Format,CH₄,6,6 - Other Sector,Sectors/Totals_incl_incl,Gg,1990,,"NA,NO",20250315,EEA,EUA
EUA,EU-27,IPCC Common Reporting Format,CO₂,1,1 - Energy,Sectors/Totals_incl_incl,Gg,2019,2662196.19719,,20250315,EEA,EUA
EUA,EU-27,IPCC Common Reporting Format,CO₂,1.A,1.A - Fuel combustion activities (sectoral approach),1,Gg,2019,2640732.26499,,20250315,EEA,EUA
EUA,EU-27,IPCC Common Reporting Format,CO₂,1.A.2.d,"1.A.2.d - Pulp, Paper and Print",1.A.2,Gg,2019,23753.09734,,20250315,EEA,EUA
EUA,EU-27,IPCC Common Reporting Format,CO₂,1.A.2.g,1.A.2.g - Other Manufacturing Industries and Constructions,1.A.2,Gg,2019,122891.53845,,20250315,EEA,EUA
EUA,EU-27,IPCC Common Reporting Format,CO₂,1.A.3.b.v,1.A.3.b.v - Other Road Transportation,1.A.3.b,Gg,2019,81.86386,,20250315,EEA,EUA
EUA,EU-27,IPCC Common Reporting Format,CO₂,1.A.3.e,1.A.3.e - Other Transportation,1.A.3,Gg,2019,5876.44572,,20250315,EEA,EUA
EUA,EU-27,IPCC Common Reporting Format,CO₂,2.A.2,2.A.2 - Lime Production,2.A,Gg,1990,23924.12504,,20250315,EEA,EUA
EUA,EU-27,IPCC Common Reporting Format,CO₂,2.A.3,2.A.3 - Glass production,2.A,Gg,2019,3969.1735,,20250315,EEA,EUA
EUA,EU-27,IPCC Common Reporting Format,CO₂,2.B,2.B - Chemical Industry,2,Gg,1990,58208.95503,,20250315,EEA,EUA
EUA,EU-27,IPCC Common Reporting Format,CO₂,2.B.1,2.B.1 - Ammonia Production,2.B,Gg,2019,19964.29552,,20250315,EEA,EUA
EUA,EU-27,IPCC Common Reporting Format,CO₂,2.C.4,2.C.4 - Magnesium Production,2.C,Gg,1990,,"IE,NA,NO",20250315,EEA,EUA
EUA,EU-27,IPCC Common Reporting Format,CO₂,2.D,2.D - Non-energy Products from Fuels and Solvent Use,2,Gg,1990,8015.41975,,20250315,EEA,EUA
EUA,EU-27,IPCC Common Reporting Format,CO₂,2.G,2.G - Other Product Manufacture and Use,2,Gg,2019,111.36096,,20250315,EEA,EUA
EUA,EU-27,IPCC Common Reporting Format,CO₂,4(II).B,4(II).B 4(II) Emissions and removals from drainage and rewetting and other management of organic and mineral soils,4.B,Gg,1990,1205.25527,,20250315,EEA,EUA
EUA,EU-27,IPCC Common Reporting Format,CO₂,4(II).C,4(II).C 4(II) Emissions and removals from drainage and rewetting and other management of organic and mineral soils,4.C,Gg,1990,2942.408,,20250315,EEA,EUA
EUA,EU-27,IPCC Common Reporting Format,CO₂,4.B.2,4.B.2 - Land converted to cropland,4.B,Gg,1990,37445.81152,,20250315,EEA,EUA
EUA,EU-27,IPCC Common Reporting Format,CO₂,4.C.1,4.C.1 - Grassland remaining grassland,4.C,Gg,2019,27063.05138,,20250315,EEA,EUA
EUA,EU-27,IPCC Common Reporting Format,CO₂,4.E.2,4.E.2 - Land converted to settlements,4.E,Gg,1990,20574.12366,,20250315,EEA,EUA
EUA,EU-27,IPCC Common Reporting Format,CO₂,4.H,4.H - Other LULUCF,4,Gg,2019,45.66467,,20250315,EEA,EUA
EUA,EU-27,IPCC Common Reporting Format,CO₂,5.C,5.C - Incineration and Open Burning of Waste,5,Gg,2019,2541.95485,,20250315,EEA,EUA
EUA,EU-27,IPCC Common Reporting Format,HFCs - (CO2 equivalent),2.C,2.C - Metal Industry,2,Gg CO2 equivalent,1990,,"NA,NO",20250315,EEA,EUA
EUA,EU-27,IPCC Common Reporting Format,HFCs - (CO2 equivalent),2.C,2.C - Metal Industry,2,Gg CO2 equivalent,2019,15.60845,,20250315,EEA,EUA
EUA,EU-27,IPCC Common Reporting Format,HFCs - (CO2 equivalent),2.C.7,2.C.7 - Other Metal Industry,2.C,Gg CO2 equivalent,2019,,"NA,NO",20250315,EEA,EUA
EUA,EU-27,IPCC Common Reporting Format,HFCs - (CO2 equivalent),2.E,2.E - Electronics Industry,2,Gg CO2 equivalent,1990,68.61331,,20250315,EEA,EUA
EUA,EU-27,IPCC Common Reporting Format,HFCs - (CO2 equivalent),2.E.2,2.E.2 - TFT Flat Panel Display,2.E,Gg CO2 equivalent,1990,,NO,20250315,EEA,EUA
EUA,EU-27,IPCC Common Reporting Format,HFCs - (CO2 equivalent),2.E.2,2.E.2 - TFT Flat Panel Display,2.E,Gg CO2 equivalent,2019,,NO,20250315,EEA,EUA
EUA,EU-27,IPCC Common Reporting Format,HFCs - (CO2 equivalent),2.E.3,2.E.3 - Photovoltaics,2.E,Gg CO2 equivalent,1990,,NO,20250315,EEA,EUA
EUA,EU-27,IPCC Common Reporting Format,HFCs - (CO2 equivalent),2.E.3,2.E.3 - Photovoltaics,2.E,Gg CO2 equivalent,2019,,NO,20250315,EEA,EUA
EUA,EU-27,IPCC Common Reporting Format,HFCs - (CO2 equivalent),2.F.3,2.F.3 - Fire Protection,2.F,Gg CO2 equivalent,2019,2389.27335,,20250315,EEA,EUA
EUA,EU-27,IPCC Common Reporting Format,HFCs - (CO2 equivalent),2.F.4,2.F.4 - Aerosols,2.F,Gg CO2 equivalent,1990,1.46472,,20250315,EEA,EUA
EUA,EU-27,IPCC Common Reporting Format,N₂O,1,1 - Energy,Sectors/Totals_incl_incl,Gg,1990,87.72905,,20250315,EEA,EUA
EUA,EU-27,IPCC Common Reporting Format,N₂O,1.A.2.g,1.A.2.g - Other Manufacturing Industries and Constructions,1.A.2,Gg,2019,5.1611,,20250315,EEA,EUA
EUA,EU-27,IPCC Common Reporting Format,N₂O,1.A.3.b,1.A.3.b - Road Transportation,1.A.3,Gg,1990,17.87897,,20250315,EEA,EUA
EUA,EU-27,IPCC Common Reporting Format,N₂O,1.A.3.c,1.A.3.c - Railways,1.A.3,Gg,2019,0.70511,,20250315,EEA,EUA
EUA,EU-27,IPCC Common Reporting Format,N₂O,1.A.3.d,1.A.3.d - Domestic Navigation,1.A.3,Gg,1990,0.97098,,20250315,EEA,EUA
EUA,EU-27,IPCC Common Reporting Format,N₂O,1.A.3.e,1.A.3.e - Other Transportation,1.A.3,Gg,2019,0.12798,,20250315,EEA,EUA
EUA,EU-27,IPCC Common Reporting Format,N₂O,1.A.4.c,1.A.4.c - Agriculture/Forestry/Fishing,1.A.4,Gg,1990,11.35655,,20250315,EEA,EUA
EUA,EU-27,IPCC Common Reporting Format,N₂O,1.D.2,1.D.2 - Multilateral Operations,1.D,Gg,1990,,"C,IE,NA,NE,NO",20250315,EEA,EUA
EUA,EU-27,IPCC Common Reporting Format,N₂O,2.B,2.B - Chemical Industry,2,Gg,1990,297.5435,,20250315,EEA,EUA
EUA,EU-27,IPCC Common Reporting Format,N₂O,2.D,2.D - Non-energy Products from Fuels and Solvent Use,2,Gg,2019,0.01627,,20250315,EEA,EUA
EUA,EU-27,IPCC Common Reporting Format,N₂O,3.B.1,3.B.1 - Manure Management - Cattle,3.B,Gg,1990,42.17803,,20250315,EEA,EUA
EUA,EU-27,IPCC Common Reporting Format,N₂O,3.D.1,3.D.1 - Direct N2O emissions from managed soils,3.D,Gg,1990,427.20378,,20250315,EEA,EUA
EUA,EU-27,IPCC Common Reporting Format,N₂O,3.D.1,3.D.1 - Direct N2O emissions from managed soils,3.D,Gg,2019,348.83997,,20250315,EEA,EUA
EUA,EU-27,IPCC Common Reporting Format,N₂O,3.F.2,3.F.2 - Pulses,3.F,Gg,2019,0.00036,,20250315,EEA,EUA
EUA,EU-27,IPCC Common Reporting Format,N₂O,3.F.5,3.F.5 - Other Agricultural residues,3.F,Gg,2019,0.04808,,20250315,EEA,EUA
EUA,EU-27,IPCC Common Reporting Format,N₂O,4(IV).F,4(IV).F 4.F Biomass Burning,4.F,Gg,2019,3e-05,,20250315,EEA,EUA
EUA,EU-27,IPCC Common Reporting Format,N₂O,4.B.2,4.B.2 - Land converted to cropland,4.B,Gg,1990,8.8827,,20250315,EEA,EUA
EUA,EU-27,IPCC Common Reporting Format,N₂O,4.C.2,4.C.2 - Land converted to grassland,4.C,Gg,1990,1.06018,,20250315,EEA,EUA
EUA,EU-27,IPCC Common Reporting Format,N₂O,4.D.2,4.D.2 - Land converted to wetlands,4.D,Gg,1990,0.25892,,20250315,EEA,EUA
EUA,EU-27,IPCC Common Reporting Format,N₂O,4.F,4.F - Other Land,4,Gg,2019,0.25008,,20250315,EEA,EUA
EUA,EU-27,IPCC Common Reporting Format,N₂O,5.C.1,5.C.1 - Waste Incineration,5.C,Gg,1990,0.70948,,20250315,EEA,EUA
EUA,EU-27,IPCC Common Reporting Format,NF3 - (CO2 equivalent),2.B.9,2.B.9 - Fluorochemical Production,2.B,Gg CO2 equivalent,1990,,"NA,NO",20250315,EEA,EUA
EUA,EU-27,IPCC Common Reporting Format,NF3 - (CO2 equivalent),2.B.9,2.B.9 - Fluorochemical Production,2.B,Gg CO2 equivalent,2019,,"NA,NO",20250315,EEA,EUA
EUA,EU-27,IPCC Common Reporting Format,NF3 - (CO2 equivalent),2.E,2.E - Electronics Industry,2,Gg CO2 equivalent,1990,21.86687,,20250315,EEA,EUA
EUA,EU-27,IPCC Common Reporting Format,PFCs - (CO2 equivalent),2.B.10,2.B.10 - Other chemical industry,2.B,Gg CO2 equivalent,2019,,"NA,NO",20250315,EEA,EUA
EUA,EU-27,IPCC Common Reporting Format,PFCs - (CO2 equivalent),2.E,2.E - Electronics Industry,2,Gg CO2 equivalent,1990,392.21116,,20250315,EEA,EUA
EUA,EU-27,IPCC Common Reporting Format,PFCs - (CO2 equivalent),2.E.4,2.E.4 - Heat Transfer Fluid,2.E,Gg CO2 equivalent,1990,,"IE,NO",20250315,EEA,EUA
EUA,EU-27,IPCC Common Reporting Format,PFCs - (CO2 equivalent),2.E.4,2.E.4 - Heat Transfer Fluid,2.E,Gg CO2 equivalent,2019,,"IE,NO",20250315,EEA,EUA
EUA,EU-27,IPCC Common Reporting Format,PFCs - (CO2 equivalent),2.G,2.G - Other Product Manufacture and Use,2,Gg CO2 equivalent,1990,205.94202,,20250315,EEA,EUA
EUA,EU-27,IPCC Common Reporting Format,PFCs - (CO2 equivalent),Sectors/Totals_incl,Total net emissions (UNFCCC),,Gg CO2 equivalent,2019,2308.88859,,20250315,EEA,EUA
EUA,EU-27,IPCC Common Reporting Format,SF6 - (CO2 equivalent),2.F,2.F - Product Uses as Substitutes for ODS,2,Gg CO2 equivalent,1990,,"NA,NO",20250315,EEA,EUA
EUA,EU-27,IPCC Common Reporting Format,SF6 - (CO2 equivalent),2.F.2,2.F.2 - Foam Blowing Agents,2.F,Gg CO2 equivalent,1990,,NO,20250315,EEA,EUA
EUA,EU-27,IPCC Common Reporting Format,SF6 - (CO2 equivalent),2.F.3,2.F.3 - Fire Protection,2.F,Gg CO2 equivalent,1990,,NO,20250315,EEA,EUA
EUA,EU-27,IPCC Common Reporting Format,SF6 - (CO2 equivalent),2.F.3,2.F.3 - Fire Protection,2.F,Gg CO2 equivalent,2019,,NO,20250315,EEA,EUA
EUA,EU-27,IPCC Common Reporting Format,SF6 - (CO2 equivalent),2.G,2.G - Other Product Manufacture and Use,2,Gg CO2 equivalent,2019,6150.34028,,20250315,EEA,EUA
EUA,EU-27,IPCC Common Reporting Format,SF6 - (CO2 equivalent),6,6 - Other Sector,Sectors/Totals_incl_incl,Gg CO2 equivalent,1990,,"NA,NO",20250315,EEA,EUA
EUA,EU-27,IPCC Common Reporting Format,SF6 - (CO2 equivalent),6,6 - Other Sector,Sectors/Totals_incl_incl,Gg CO2 equivalent,2019,,"NA,NO",20250315,EEA,EUA
EUA,EU-27,IPCC Common Reporting Format,SF6 - (CO2 equivalent),Sectors/Totals_incl,Total net emissions (UNFCCC),,Gg CO2 equivalent,2019,6545.56195,,20250315,EEA,EUA
EUA,EU-27,IPCC Common Reporting Format,Unspecified mix of HFCs and PFCs - (CO2 equivalent),2.B.9,2.B.9 - Fluorochemical Production,2.B,Gg CO2 equivalent,2019,48.04566,,20250315,EEA,EUA
EUA,EU-27,IPCC Common Reporting Format,Unspecified mix of HFCs and PFCs - (CO2 equivalent),2.E.1,2.E.1 - Integrated Circuit or Semiconductor,2.E,Gg CO2 equivalent,1990,,NO,20250315,EEA,EUA
EUA,EU-27,IPCC Common Reporting Format,Unspecified mix of HFCs and PFCs - (CO2 equivalent),2.E.4,2.E.4 - Heat Transfer Fluid,2.E,Gg CO2 equivalent,2019,23.15264,,20250315,EEA,EUA
EUA,EU-27,IPCC Common Reporting Format,Unspecified mix of HFCs and PFCs - (CO2 equivalent),2.F.1,2.F.1 - Refrigeration and Air conditioning,2.F,Gg CO2 equivalent,2019,1368.3163,,20250315,EEA,EUA
EUA,EU-27,IPCC Common Reporting Format,Unspecified mix of HFCs and PFCs - (CO2 equivalent),Sectors/Totals_excl,Total emissions (UNFCCC),,Gg CO2 equivalent,1990,5077.14121,,20250315,EEA,EUA
EUA,EU-27,IPCC Common Reporting Format,Unspecified mix of HFCs and PFCs - (CO2 equivalent),Sectors/Totals_excl,Total emissions (UNFCCC),,Gg CO2 equivalent,2019,1578.4548,,20250315,EEA,EUA
EUA,EU-27,IPCC Common Reporting Format,All greenhouse gases - (CO2 equivalent),1.A.1.b,1.A.1.b - Petroleum Refining,1.A.1,Gg CO2 equivalent,2019,98277.84675,,20250315,EEA,EUA
EUA,EU-27,IPCC Common Reporting Format,All greenhouse gases - (CO2 equivalent),1.A.1.c,1.A.1.c - Manufacture of Solid Fuels and Other Energy Industries,1.A.1,Gg CO2 equivalent,1990,101847.7049,,20250315,EEA,EUA
EUA,EU-27,IPCC Common Reporting Format,All greenhouse gases - (CO2 equivalent),1.A.1.c,1.A.1.c - Manufacture of Solid Fuels and Other Energy Industries,1.A.1,Gg CO2 equivalent,2019,39705.82973,,20250315,EEA,EUA
EUA,EU-27,IPCC Common Reporting Format,All greenhouse gases - (CO2 equivalent),1.A.2.a,1.A.2.a - Iron and Steel,1.A.2,Gg CO2 equivalent,1990,152182.80533,,20250315,EEA,EUA
EUA,EU-27,IPCC Common Reporting Format,All greenhouse gases - (CO2 equivalent),1.A.2.f,1.A.2.f - Non-metallic minerals,1.A.2,Gg CO2 equivalent,1990,128728.4868,,20250315,EEA,EUA
EUA,EU-27,IPCC Common Reporting Format,All greenhouse gases - (CO2 equivalent),1.A.2.g,1.A.2.g - Other Manufacturing Industries and Constructions,1.A.2,Gg CO2 equivalent,1990,257077.14566,,20250315,EEA,EUA
EUA,EU-27,IPCC Common Reporting Format,All greenhouse gases - (CO2 equivalent),1.A.3.b,1.A.3.b - Road Transportation,1.A.3,Gg CO2 equivalent,1990,620671.83378,,20250315,EEA,EUA
EUA,EU-27,IPCC Common Reporting Format,All greenhouse gases - (CO2 equivalent),1.A.3.b.i,1.A.3.b.i - Cars,1.A.3.b,Gg CO2 equivalent,1990,388531.1331,,20250315,EEA,EUA
EUA,EU-27,IPCC Common Reporting Format,All greenhouse gases - (CO2 equivalent),1.A.3.b.iii,1.A.3.b.iii - Heavy duty trucks and buses,1.A.3.b,Gg CO2 equivalent,1990,163812.8281,,20250315,EEA,EUA
EUA,EU-27,IPCC Common Reporting Format,All greenhouse gases - (CO2 equivalent),1.A.3.b.v,1.A.3.b.v - Other Road Transportation,1.A.3.b,Gg CO2 equivalent,1990,401.10329,,20250315,EEA,EUA
EUA,EU-27,IPCC Common Reporting Format,All greenhouse gases - (CO2 equivalent),1.A.3.d,1.A.3.d - Domestic Navigation,1.A.3,Gg CO2 equivalent,1990,23031.31156,,20250315,EEA,EUA
EUA,EU-27,IPCC Common Reporting Format,All greenhouse gases - (CO2 equivalent),1.A.4.c,1.A.4.c - Agriculture/Forestry/Fishing,1.A.4,Gg CO2 equivalent,2019,78010.07775,,20250315,EEA,EUA
EUA,EU-27,IPCC Common Reporting Format,All greenhouse gases - (CO2 equivalent),1.B,1.B - Fugitive Emissions from Fuels,1,Gg CO2 equivalent,1990,166902.04458,,20250315,EEA,EUA
EUA,EU-27,IPCC Common Reporting Format,All greenhouse gases - (CO2 equivalent),1.B.1,1.B.1 - Solid Fuels,1.B,Gg CO2 equivalent,2019,30167.41431,,20250315,EEA,EUA
EUA,EU-27,IPCC Common Reporting Format,All greenhouse gases - (CO2 equivalent),1.B.2,1.B.2 - Oil and Natural Gas and Other Emissions from Energy Production,1.B,Gg CO2 equivalent,1990,77496.09667,,20250315,EEA,EUA
EUA,EU-27,IPCC Common Reporting Format,All greenhouse gases - (CO2 equivalent),1.C,1.C - CO2 Transport and Storage,1,Gg CO2 equivalent,1990,,—,20250315,EEA,EUA
EUA,EU-27,IPCC Common Reporting Format,All greenhouse gases - (CO2 equivalent),1.C,1.C - CO2 Transport and Storage,1,Gg CO2 equivalent,2019,,—,20250315,EEA,EUA
EUA,EU-27,IPCC Common Reporting Format,All greenhouse gases - (CO2 equivalent),1.D.1.a,1.D.1.a - International Aviation,1.D.1,Gg CO2 equivalent,2019,132719.42904,,20250315,EEA,EUA
EUA,EU-27,IPCC Common Reporting Format,All greenhouse gases - (CO2 equivalent),1.D.1.b,1.D.1.b - International Navigation,1.D.1,Gg CO2 equivalent,2019,136221.54701,,20250315,EEA,EUA
EUA,EU-27,IPCC Common Reporting Format,All greenhouse gases - (CO2 equivalent),1.D.3,1.D.3 - CO2 emissions from biomass,1.D,Gg CO2 equivalent,1990,210068.13555,,20250315,EEA,EUA
EUA,EU-27,IPCC Common Reporting Format,All greenhouse gases - (CO2 equivalent),2,2 - Industrial Processes and Product Use,Sectors/Totals_incl_incl,Gg CO2 equivalent,1990,450358.69115,,20250315,EEA,EUA
EUA,EU-27,IPCC Common Reporting Format,All greenhouse gases - (CO2 equivalent),2.A,2.A - Mineral Industry,2,Gg CO2 equivalent,1990,134074.24638,,20250315,EEA,EUA
EUA,EU-27,IPCC Common Reporting Format,All greenhouse gases - (CO2 equivalent),2.A.3,2.A.3 - Glass production,2.A,Gg CO2 equivalent,1990,3845.19874,,20250315,EEA,EUA
EUA,EU-27,IPCC Common Reporting Format,All greenhouse gases - (CO2 equivalent),2.A.4,2.A.4 - Other Process Uses of Carbonates,2.A,Gg CO2 equivalent,2019,9983.42658,,20250315,EEA,EUA
EUA,EU-27,IPCC Common Reporting Format,All greenhouse gases - (CO2 equivalent),2.B.1,2.B.1 - Ammonia Production,2.B,Gg CO2 equivalent,2019,19966.98489,,20250315,EEA,EUA
EUA,EU-27,IPCC Common Reporting Format,All greenhouse gases - (CO2 equivalent),2.B.10,2.B.10 - Other chemical industry,2.B,Gg CO2 equivalent,2019,17368.59418,,20250315,EEA,EUA
EUA,EU-27,IPCC Common Reporting Format,All greenhouse gases - (CO2 equivalent),2.B.4,"2.B.4 - Caprolactam, Glyoxal and Glyoxylic Acid Production",2.B,Gg CO2 equivalent,2019,1508.00919,,20250315,EEA,EUA
EUA,EU-27,IPCC Common Reporting Format,All greenhouse gases - (CO2 equivalent),2.B.7,2.B.7 - Soda Ash Production,2.B,Gg CO2 equivalent,2019,1948.85506,,20250315,EEA,EUA
EUA,EU-27,IPCC Common Reporting Format,All greenhouse gases - (CO2 equivalent),2.C.3,2.C.3 - Aluminium Production,2.C,Gg CO2 equivalent,1990,21564.27971,,20250315,EEA,EUA
EUA,EU-27,IPCC Common Reporting Format,All greenhouse gases - (CO2 equivalent),2.C.5,2.C.5 - Lead Production,2.C,Gg CO2 equivalent,2019,202.97436,,20250315,EEA,EUA
EUA,EU-27,IPCC Common Reporting Format,All greenhouse gases - (CO2 equivalent),2.E.4,2.E.4 - Heat Transfer Fluid,2.E,Gg CO2 equivalent,1990,,—,20250315,EEA,EUA
EUA,EU-27,IPCC Common Reporting Format,All greenhouse gases - (CO2 equivalent),2.F.2,2.F.2 - Foam Blowing Agents,2.F,Gg CO2 equivalent,2019,1802.05692,,20250315,EEA,EUA
EUA,EU-27,IPCC Common Reporting Format,All greenhouse gases - (CO2 equivalent),2.F.4,2.F.4 - Aerosols,2.F,Gg CO2 equivalent,2019,2016.61966,,20250315,EEA,EUA
EUA,EU-27,IPCC Common Reporting Format,All greenhouse gases - (CO2 equivalent),3.A,3.A - Enteric Fermentation,3.1,Gg CO2 equivalent,2019,184687.48225,,20250315,EEA,EUA
EUA,EU-27,IPCC Common Reporting Format,All greenhouse gases - (CO2 equivalent),3.A.4,3.A.4 - Enteric Fermentation - Other livestock,3.A,Gg CO2 equivalent,2019,6356.20915,,20250315,EEA,EUA
EUA,EU-27,IPCC Common Reporting Format,All greenhouse gases - (CO2 equivalent),3.B.4,3.B.4 - Manure Management - Other livestock,3.B,Gg CO2 equivalent,1990,4889.42515,,20250315,EEA,EUA
EUA,EU-27,IPCC Common Reporting Format,All greenhouse gases - (CO2 equivalent),3.C,3.C - Rice Cultivation,3,Gg CO2 equivalent,1990,3099.05523,,20250315,EEA,EUA
EUA,EU-27,IPCC Common Reporting Format,All greenhouse gases - (CO2 equivalent),3.C.1,3.C.1 - Irrigated,3.C,Gg CO2 equivalent,1990,3099.05523,,20250315,EEA,EUA
EUA,EU-27,IPCC Common Reporting Format,All greenhouse gases - (CO2 equivalent),3.C.2,3.C.2 - Rainfed,3.C,Gg CO2 equivalent,1990,,—,20250315,EEA,EUA
EUA,EU-27,IPCC Common Reporting Format,All greenhouse gases - (CO2 equivalent),3.C.2,3.C.2 - Rainfed,3.C,Gg CO2 equivalent,2019,,—,20250315,EEA,EUA
EUA,EU-27,IPCC Common Reporting Format,All greenhouse gases - (CO2 equivalent),3.D.1,3.D.1 - Direct N2O emissions from managed soils,3.D,Gg CO2 equivalent,2019,92442.59074,,20250315,EEA,EUA
EUA,EU-27,IPCC Common Reporting Format,All greenhouse gases - (CO2 equivalent),3.D.2,3.D.2 - Indirect N2O emissions from managed soils,3.D,Gg CO2 equivalent,2019,24266.21508,,20250315,EEA,EUA
EUA,EU-27,IPCC Common Reporting Format,All greenhouse gases - (CO2 equivalent),3.F,3.F - Field Burning of Agricultural Residues,3,Gg CO2 equivalent,2019,619.14644,,20250315,EEA,EUA
EUA,EU-27,IPCC Common Reporting Format,All greenhouse gases - (CO2 equivalent),3.F.1,3.F.1 - Cereals,3.F,Gg CO2 equivalent,2019,564.13148,,20250315,EEA,EUA
EUA,EU-27,IPCC Common Reporting Format,All greenhouse gases - (CO2 equivalent),3.F.4,3.F.4 - Sugar cane,3.F,Gg CO2 equivalent,2019,1.91573,,20250315,EEA,EUA
EUA,EU-27,IPCC Common Reporting Format,All greenhouse gases - (CO2 equivalent),3.F.5,3.F.5 - Other Agricultural residues,3.F,Gg CO2 equivalent,1990,137.74102,,20250315,EEA,EUA
EUA,EU-27,IPCC Common Reporting Format,All greenhouse gases - (CO2 equivalent),4(II).B,4(II).B 4(II) Emissions and removals from drainage and rewetting and other management of organic and mineral soils,4.B,Gg CO2 equivalent,1990,2434.58994,,20250315,EEA,EUA
EUA,EU-27,IPCC Common Reporting Format,All greenhouse gases - (CO2 equivalent),4(III).F.2,4(III).F.2 4(III).F Land converted to other land,4(III).F,Gg CO2 equivalent,2019,57.54106,,20250315,EEA,EUA
EUA,EU-27,IPCC Common Reporting Format,All greenhouse gases - (CO2 equivalent),4.A.1,4.A.1 - Forest Land remaining forest land,4.A,Gg CO2 equivalent,2019,-194766.98857,,20250315,EEA,EUA
EUA,EU-27,IPCC Common Reporting Format,All greenhouse gases - (CO2 equivalent),4.B.1,4.B.1 - Cropland remaining cropland,4.B,Gg CO2 equivalent,1990,35091.76949,,20250315,EEA,EUA
EUA,EU-27,IPCC Common Reporting Format,All greenhouse gases - (CO2 equivalent),4.C,4.C - Grassland,4,Gg CO2 equivalent,1990,41959.32386,,20250315,EEA,EUA
EUA,EU-27,IPCC Common Reporting Format,All greenhouse gases - (CO2 equivalent),4.H,4.H - Other LULUCF,4,Gg CO2 equivalent,1990,,"NA,NO",20250315,EEA,EUA
EUA,EU-27,IPCC Common Reporting Format,All greenhouse gases - (CO2 equivalent),5.B.1,5.B.1 - Waste Composting,5.B,Gg CO2 equivalent,2019,4682.549,,20250315,EEA,EUA
EUA,EU-27,IPCC Common Reporting Format,All greenhouse gases - (CO2 equivalent),5.B.2,5.B.2 - Anaerobic Digestion at Biogas Facilities,5.B,Gg CO2 equivalent,1990,8.16785,,20250315,EEA,EUA
EUA,EU-27,IPCC Common Reporting Format,All greenhouse gases - (CO2 equivalent),5.C.2,5.C.2 - Open Burning of Waste,5.C,Gg CO2 equivalent,1990,760.88592,,20250315,EEA,EUA
EUA,EU-27,IPCC Common Reporting Format,All greenhouse gases - (CO2 equivalent),5.D.2,5.D.2 - Industrial wastewater,5.D,Gg CO2 equivalent,2019,6476.01024,,20250315,EEA,EUA
EUA,EU-27,IPCC Common Reporting Format,All greenhouse gases - (CO2 equivalent),5.E,5.E - Other Disposal,5,Gg CO2 equivalent,1990,72.80903,,20250315,EEA,EUA
EUA,EU-27,IPCC Common Reporting Format,All greenhouse gases - (CO2 equivalent),Sectors/Totals_incl,Total net emissions (UNFCCC),,Gg CO2 equivalent,1990,4635247.66261,,20250315,EEA,EUA
EUA,EU-27,IPCC Common Reporting Format,CH₄,1.A.2.a,1.A.2.a - Iron and Steel,1.A.2,Gg,2019,5.11705,,20250315,EEA,EUA
EUA,EU-27,IPCC Common Reporting Format,CH₄,1.A.2.b,1.A.2.b - Non-Ferrous Metals,1.A.2,Gg,1990,0.59106,,20250315,EEA,EUA
EUA,EU-27,IPCC Common Reporting Format,CH₄,1.A.2.d,"1.A.2.d - Pulp, Paper and Print",1.A.2,Gg,2019,11.0363,,20250315,EEA,EUA
EUA,EU-27,IPCC Common Reporting Format,CH₄,1.A.2.f,1.A.2.f - Non-metallic minerals,1.A.2,Gg,2019,9.85493,,20250315,EEA,EUA
EUA,EU-27,IPCC Common Reporting Format,CH₄,1.A.3.b.i,1.A.3.b.i - Cars,1.A.3.b,Gg,1990,173.92317,,20250315,EEA,EUA
EUA,EU-27,IPCC Common Reporting Format,CH₄,1.A.3.b.iv,1.A.3.b.iv - Motorcycles,1.A.3.b,Gg,2019,9.52965,,20250315,EEA,EUA
EUA,EU-27,IPCC Common Reporting Format,CH₄,1.A.3.c,1.A.3.c - Railways,1.A.3,Gg,2019,0.2358,,20250315,EEA,EUA
EUA,EU-27,IPCC Common Reporting Format,CH₄,1.A.3.e,1.A.3.e - Other Transportation,1.A.3,Gg,2019,0.39368,,20250315,EEA,EUA
EUA,EU-27,IPCC Common Reporting Format,CH₄,1.A.5.a,1.A.5.a - Stationary,1.A.5,Gg,1990,10.49659,,20250315,EEA,EUA
EUA,EU-27,IPCC Common Reporting Format,CH₄,1.A.5.a,1.A.5.a - Stationary,1.A.5,Gg,2019,0.2723,,20250315,EEA,EUA
EUA,EU-27,IPCC Common Reporting Format,CH₄,1.B.1,1.B.1 - Solid Fuels,1.B,Gg,1990,2950.00799,,20250315,EEA,EUA
EUA,EU-27,IPCC Common Reporting Format,CH₄,1.D.2,1.D.2 - Multilateral Operations,1.D,Gg,2019,0.0,,20250315,EEA,EUA
EUA,EU-27,IPCC Common Reporting Format,CH₄,2,2 - Industrial Processes and Product Use,Sectors/Totals_incl_incl,Gg,1990,66.1199,,20250315,EEA,EUA
EUA,EU-27,IPCC Common Reporting Format,CH₄,2.B,2.B - Chemical Industry,2,Gg,1990,47.4388,,20250315,EEA,EUA
EUA,EU-27,IPCC Common Reporting Format,CH₄,2.C.1,2.C.1 - Iron and Steel Production,2.C,Gg,2019,5.9743,,20250315,EEA,EUA
EUA,EU-27,IPCC Common Reporting Format,CH₄,2.C.2,2.C.2 - Ferroalloys Production,2.C,Gg,2019,0.7526,,20250315,EEA,EUA
EUA,EU-27,IPCC Common Reporting Format,CH₄,3.A,3.A - Enteric Fermentation,3.1,Gg,2019,6595.98151,,20250315,EEA,EUA
EUA,EU-27,IPCC Common Reporting Format,CH₄,3.A.2,3.A.2 - Enteric Fermentation - Sheep,3.A,Gg,2019,572.44565,,20250315,EEA,EUA
EUA,EU-27,IPCC Common Reporting Format,CH₄,3.B,3.B - Manure Management,3.1,Gg,1990,1999.04865,,20250315,EEA,EUA
EUA,EU-27,IPCC Common Reporting Format,CH₄,3.B.2,3.B.2 - Manure Management - Sheep,3.B,Gg,2019,29.99219,,20250315,EEA,EUA
EUA,EU-27,IPCC Common Reporting Format,CH₄,3.B.3,3.B.3 - Manure Management - Swine,3.B,Gg,2019,740.78348,,20250315,EEA,EUA
EUA,EU-27,IPCC Common Reporting Format,CH₄,3.C,3.C - Rice Cultivation,3,Gg,2019,101.21064,,20250315,EEA,EUA
EUA,EU-27,IPCC Common Reporting Format,CH₄,3.F,3.F - Field Burning of Agricultural Residues,3,Gg,1990,60.3195,,20250315,EEA,EUA
EUA,EU-27,IPCC Common Reporting Format,CH₄,3.F.1,3.F.1 - Cereals,3.F,Gg,1990,48.24188,,20250315,EEA,EUA
EUA,EU-27,IPCC Common Reporting Format,CH₄,4(II).D,4(II).D 4(II)  Emissions and removals from drainage and rewetting and other management of organic and mineral soils,4.D,Gg,1990,296.40812,,20250315,EEA,EUA
EUA,EU-27,IPCC Common Reporting Format,CH₄,4(IV).E,4(IV).E 4(IV)  Biomass Burning,4.E,Gg,1990,1.49735,,20250315,EEA,EUA
EUA,EU-27,IPCC Common Reporting Format,CH₄,4(IV).E,4(IV).E 4(IV)  Biomass Burning,4.E,Gg,2019,1.40787,,20250315,EEA,EUA
EUA,EU-27,IPCC Common Reporting Format,CH₄,4.B.1,4.B.1 - Cropland remaining cropland,4.B,Gg,1990,48.54093,,20250315,EEA,EUA
EUA,EU-27,IPCC Common Reporting Format,CH₄,4.D,4.D - Wetlands,4,Gg,1990,299.25561,,20250315,EEA,EUA
EUA,EU-27,IPCC Common Reporting Format,CH₄,4.D.1,4.D.1 - Wetlands remaining wetlands,4.D,Gg,1990,295.33147,,20250315,EEA,EUA
EUA,EU-27,IPCC Common Reporting Format,CH₄,4.D.1,4.D.1 - Wetlands remaining wetlands,4.D,Gg,2019,294.83743,,20250315,EEA,EUA
EUA,EU-27,IPCC Common Reporting Format,CH₄,5,5 - Waste management,Sectors/Totals_incl_incl,Gg,1990,6177.34957,,20250315,EEA,EUA
EUA,EU-27,IPCC Common Reporting Format,CH₄,5.D.2,5.D.2 - Industrial wastewater,5.D,Gg,2019,201.31902,,20250315,EEA,EUA
EUA,EU-27,IPCC Common Reporting Format,CH₄,Sectors/Totals_excl,Total emissions (UNFCCC),,Gg,2019,14641.57452,,20250315,EEA,EUA
EUA,EU-27,IPCC Common Reporting Format,CO₂,1.A.1.b,1.A.1.b - Petroleum Refining,1.A.1,Gg,2019,97896.8173,,20250315,EEA,EUA
EUA,EU-27,IPCC Common Reporting Format,CO₂,1.A.2.a,1.A.2.a - Iron and Steel,1.A.2,Gg,1990,151463.95252,,20250315,EEA,EUA
EUA,EU-27,IPCC Common Reporting Format,CO₂,1.A.3.b.iv,1.A.3.b.iv - Motorcycles,1.A.3.b,Gg,2019,9487.50925,,20250315,EEA,EUA
EUA,EU-27,IPCC Common Reporting Format,CO₂,1.A.3.d,1.A.3.d - Domestic Navigation,1.A.3,Gg,2019,18342.36694,,20250315,EEA,EUA
EUA,EU-27,IPCC Common Reporting Format,CO₂,1.A.4,1.A.4 - Other Sectors,1.AA,Gg,2019,501468.14958,,20250315,EEA,EUA
EUA,EU-27,IPCC Common Reporting Format,CO₂,1.D.2,1.D.2 - Multilateral Operations,1.D,Gg,2019,1.7369,,20250315,EEA,EUA
EUA,EU-27,IPCC Common Reporting Format,CO₂,2.B.1,2.B.1 - Ammonia Production,2.B,Gg,1990,31624.05888,,20250315,EEA,EUA
EUA,EU-27,IPCC Common Reporting Format,CO₂,2.B.3,2.B.3 - Adipic Acid Production,2.B,Gg,2019,21.97043,,20250315,EEA,EUA
EUA,EU-27,IPCC Common Reporting Format,CO₂,2.B.8,2.B.8 - Petrochemical and Carbon Black Production,2.B,Gg,1990,13602.53869,,20250315,EEA,EUA
EUA,EU-27,IPCC Common Reporting Format,CO₂,2.C.2,2.C.2 - Ferroalloys Production,2.C,Gg,1990,4659.83485,,20250315,EEA,EUA
EUA,EU-27,IPCC Common Reporting Format,CO₂,2.C.5,2.C.5 - Lead Production,2.C,Gg,2019,202.97436,,20250315,EEA,EUA
EUA,EU-27,IPCC Common Reporting Format,CO₂,4(II).A,4(II).A 4(II) Emissions and removals from drainage and rewetting and other management of organic and mineral soils,4.A,Gg,1990,1515.44827,,20250315,EEA,EUA
EUA,EU-27,IPCC Common Reporting Format,CO₂,4(II).B,4(II).B 4(II) Emissions and removals from drainage and rewetting and other management of organic and mineral soils,4.B,Gg,2019,1104.78738,,20250315,EEA,EUA
EUA,EU-27,IPCC Common Reporting Format,CO₂,4(IV).E,4(IV).E 4(IV)  Biomass Burning,4.E,Gg,1990,,"IE,NA,NE,NO",20250315,EEA,EUA
EUA,EU-27,IPCC Common Reporting Format,CO₂,4(IV).E,4(IV).E 4(IV)  Biomass Burning,4.E,Gg,2019,,"IE,NA,NE,NO",20250315,EEA,EUA
EUA,EU-27,IPCC Common Reporting Format,CO₂,4.A.2,4.A.2 - Land converted to forest land,4.A,Gg,1990,-54483.34399,,20250315,EEA,EUA
EUA,EU-27,IPCC Common Reporting Format,CO₂,4.C,4.C - Grassland,4,Gg,2019,10248.49851,,20250315,EEA,EUA
EUA,EU-27,IPCC Common Reporting Format,CO₂,4.C.2,4.C.2 - Land converted to grassland,4.C,Gg,2019,-16814.55286,,20250315,EEA,EUA
EUA,EU-27,IPCC Common Reporting Format,CO₂,4.D,4.D - Wetlands,4,Gg,1990,10777.30379,,20250315,EEA,EUA
EUA,EU-27,IPCC Common Reporting Format,CO₂,4.F.2,4.F.2 - Land converted to other land,4.F,Gg,2019,1025.62713,,20250315,EEA,EUA
EUA,EU-27,IPCC Common Reporting Format,CO₂,5.E,5.E - Other Disposal,5,Gg,1990,16.46142,,20250315,EEA,EUA
EUA,EU-27,IPCC Common Reporting Format,HFCs - (CO2 equivalent),2.B.9,2.B.9 - Fluorochemical Production,2.B,Gg CO2 equivalent,1990,12809.45266,,20250315,EEA,EUA
EUA,EU-27,IPCC Common Reporting Format,HFCs - (CO2 equivalent),2.F,2.F - Product Uses as Substitutes for ODS,2,Gg CO2 equivalent,1990,6.12751,,20250315,EEA,EUA
EUA,EU-27,IPCC Common Reporting Format,HFCs - (CO2 equivalent),2.F.1,2.F.1 - Refrigeration and Air conditioning,2.F,Gg CO2 equivalent,2019,63191.49866,,20250315,EEA,EUA
EUA,EU-27,IPCC Common Reporting Format,HFCs - (CO2 equivalent),Sectors/Totals_incl,Total net emissions (UNFCCC),,Gg CO2 equivalent,2019,71212.94884,,20250315,EEA,EUA
EUA,EU-27,IPCC Common Reporting Format,N₂O,1.A.1,1.A.1 - Energy Industries,1.AA,Gg,1990,23.93927,,20250315,EEA,EUA
EUA,EU-27,IPCC Common Reporting Format,N₂O,1.A.1.a,1.A.1.a - Public Electricity and Heat Production,1.A.1,Gg,2019,18.19375,,20250315,EEA,EUA
EUA,EU-27,IPCC Common Reporting Format,N₂O,1.A.1.b,1.A.1.b - Petroleum Refining,1.A.1,Gg,2019,1.15677,,20250315,EEA,EUA
EUA,EU-27,IPCC Common Reporting Format,N₂O,1.A.2,1.A.2 - Manufacturing Industries and Construction,1.AA,Gg,2019,12.0028,,20250315,EEA,EUA
EUA,EU-27,IPCC Common Reporting Format,N₂O,1.A.2.b,1.A.2.b - Non-Ferrous Metals,1.A.2,Gg,1990,0.1542,,20250315,EEA,EUA
EUA,EU-27,IPCC Common Reporting Format,N₂O,1.A.2.c,1.A.2.c - Chemicals,1.A.2,Gg,1990,1.01694,,20250315,EEA,EUA
EUA,EU-27,IPCC Common Reporting Format,N₂O,1.A.2.d,"1.A.2.d - Pulp, Paper and Print",1.A.2,Gg,1990,1.03724,,20250315,EEA,EUA
EUA,EU-27,IPCC Common Reporting Format,N₂O,1.A.2.e,"1.A.2.e - Food Processing, Beverages and Tobacco",1.A.2,Gg,1990,0.57758,,20250315,EEA,EUA
EUA,EU-27,IPCC Common Reporting Format,N₂O,1.A.3.a,1.A.3.a - Domestic Aviation,1.A.3,Gg,1990,0.36822,,20250315,EEA,EUA
EUA,EU-27,IPCC Common Reporting Format,N₂O,1.A.4,1.A.4 - Other Sectors,1.AA,Gg,2019,25.21456,,20250315,EEA,EUA
EUA,EU-27,IPCC Common Reporting Format,N₂O,1.A.4.c,1.A.4.c - Agriculture/Forestry/Fishing,1.A.4,Gg,2019,11.3863,,20250315,EEA,EUA
EUA,EU-27,IPCC Common Reporting Format,N₂O,2.B.10,2.B.10 - Other chemical industry,2.B,Gg,1990,2.81408,,20250315,EEA,EUA
EUA,EU-27,IPCC Common Reporting Format,N₂O,2.B.2,2.B.2 - Nitric Acid Production,2.B,Gg,2019,10.39851,,20250315,EEA,EUA
EUA,EU-27,IPCC Common Reporting Format,N₂O,2.D,2.D - Non-energy Products from Fuels and Solvent Use,2,Gg,1990,0.01283,,20250315,EEA,EUA
EUA,EU-27,IPCC Common Reporting Format,N₂O,2.D.1,2.D.1 - Lubricant Use,2.D,Gg,1990,0.01032,,20250315,EEA,EUA
EUA,EU-27,IPCC Common Reporting Format,N₂O,2.G,2.G - Other Product Manufacture and Use,2,Gg,2019,9.57579,,20250315,EEA,EUA
EUA,EU-27,IPCC Common Reporting Format,N₂O,3.B.1,3.B.1 - Manure Management - Cattle,3.B,Gg,2019,28.91192,,20250315,EEA,EUA
EUA,EU-27,IPCC Common Reporting Format,N₂O,3.B.2,3.B.2 - Manure Management - Sheep,3.B,Gg,1990,2.7624,,20250315,EEA,EUA
EUA,EU-27,IPCC Common Reporting Format,N₂O,3.F.3,3.F.3 - Tubers and roots,3.F,Gg,1990,0.21468,,20250315,EEA,EUA
EUA,EU-27,IPCC Common Reporting Format,N₂O,3.F.4,3.F.4 - Sugar cane,3.F,Gg,1990,0.00785,,20250315,EEA,EUA
EUA,EU-27,IPCC Common Reporting Format,N₂O,3.F.5,3.F.5 - Other Agricultural residues,3.F,Gg,1990,0.10821,,20250315,EEA,EUA
EUA,EU-27,IPCC Common Reporting Format,N₂O,3.J,3.J - Other agriculture emissions,3,Gg,1990,0.0004,,20250315,EEA,EUA
EUA,EU-27,IPCC Common Reporting Format,N₂O,4(II).C,4(II).C 4(II) Emissions and removals from drainage and rewetting and other management of organic and mineral soils,4.C,Gg,1990,0.30522,,20250315,EEA,EUA
EUA,EU-27,IPCC Common Reporting Format,N₂O,4(III).F.2,4(III).F.2 4(III).F Land converted to other land,4(III).F,Gg,1990,0.11013,,20250315,EEA,EUA
EUA,EU-27,IPCC Common Reporting Format,N₂O,4(IV).E,4(IV).E 4(IV)  Biomass Burning,4.E,Gg,2019,0.00968,,20250315,EEA,EUA
EUA,EU-27,IPCC Common Reporting Format,N₂O,4.E,4.E - Settlements,4,Gg,1990,9.38709,,20250315,EEA,EUA
EUA,EU-27,IPCC Common Reporting Format,N₂O,4.E.1,4.E.1 - Settlements remaining settlements,4.E,Gg,2019,0.28313,,20250315,EEA,EUA
EUA,EU-27,IPCC Common Reporting Format,N₂O,4.E.2,4.E.2 - Land converted to settlements,4.E,Gg,1990,9.13322,,20250315,EEA,EUA
EUA,EU-27,IPCC Common Reporting Format,N₂O,4.F.2,4.F.2 - Land converted to other land,4.F,Gg,1990,0.1261,,20250315,EEA,EUA
EUA,EU-27,IPCC Common Reporting Format,N₂O,4.H,4.H - Other LULUCF,4,Gg,1990,,"NA,NO",20250315,EEA,EUA
EUA,EU-27,IPCC Common Reporting Format,N₂O,4.H,4.H - Other LULUCF,4,Gg,2019,,"NA,NO",20250315,EEA,EUA
EUA,EU-27,IPCC Common Reporting Format,N₂O,5,5 - Waste management,Sectors/Totals_incl_incl,Gg,1990,32.63442,,20250315,EEA,EUA
EUA,EU-27,IPCC Common Reporting Format,N₂O,5.B,5.B - Biological Treatment of Solid Waste,5,Gg,1990,1.15513,,20250315,EEA,EUA
EUA,EU-27,IPCC Common Reporting Format,N₂O,Sectors/Totals_excl,Total emissions (UNFCCC),,Gg,2019,673.17731,,20250315,EEA,EUA
EUA,EU-27,IPCC Common Reporting Format,N₂O,Sectors/Totals_incl,Total net emissions (UNFCCC),,Gg,1990,1133.70339,,20250315,EEA,EUA
EUA,EU-27,IPCC Common Reporting Format,NF3 - (CO2 equivalent),2.B.10,2.B.10 - Other chemical industry,2.B,Gg CO2 equivalent,1990,,NO,20250315,EEA,EUA
EUA,EU-27,IPCC Common Reporting Format,NF3 - (CO2 equivalent),2.B.10,2.B.10 - Other chemical industry,2.B,Gg CO2 equivalent,2019,,NO,20250315,EEA,EUA
EUA,EU-27,IPCC Common Reporting Format,NF3 - (CO2 equivalent),2.F.5,2.F.5 - Solvents,2.F,Gg CO2 equivalent,1990,,NO,20250315,EEA,EUA
EUA,EU-27,IPCC Common Reporting Format,NF3 - (CO2 equivalent),2.F.5,2.F.5 - Solvents,2.F,Gg CO2 equivalent,2019,,NO,20250315,EEA,EUA
EUA,EU-27,IPCC Common Reporting Format,NF3 - (CO2 equivalent),Sectors/Totals_excl,Total emissions (UNFCCC),,Gg CO2 equivalent,1990,21.86687,,20250315,EEA,EUA
EUA,EU-27,IPCC Common Reporting Format,PFCs - (CO2 equivalent),2.B,2.B - Chemical Industry,2,Gg CO2 equivalent,2019,939.33559,,20250315,EEA,EUA
EUA,EU-27,IPCC Common Reporting Format,PFCs - (CO2 equivalent),2.C,2.C - Metal Industry,2,Gg CO2 equivalent,2019,370.0503,,20250315,EEA,EUA
EUA,EU-27,IPCC Common Reporting Format,PFCs - (CO2 equivalent),2.C.3,2.C.3 - Aluminium Production,2.C,Gg CO2 equivalent,1990,17233.60805,,20250315,EEA,EUA
EUA,EU-27,IPCC Common Reporting Format,PFCs - (CO2 equivalent),2.C.7,2.C.7 - Other Metal Industry,2.C,Gg CO2 equivalent,1990,,"NA,NO",20250315,EEA,EUA
EUA,EU-27,IPCC Common Reporting Format,PFCs - (CO2 equivalent),2.C.7,2.C.7 - Other Metal Industry,2.C,Gg CO2 equivalent,2019,,"NA,NO",20250315,EEA,EUA
EUA,EU-27,IPCC Common Reporting Format,PFCs - (CO2 equivalent),2.E.3,2.E.3 - Photovoltaics,2.E,Gg CO2 equivalent,2019,,"IE,NO",20250315,EEA,EUA
EUA,EU-27,IPCC Common Reporting Format,PFCs - (CO2 equivalent),2.F,2.F - Product Uses as Substitutes for ODS,2,Gg CO2 equivalent,2019,98.87521,,20250315,EEA,EUA
EUA,EU-27,IPCC Common Reporting Format,PFCs - (CO2 equivalent),2.F.4,2.F.4 - Aerosols,2.F,Gg CO2 equivalent,2019,,NO,20250315,EEA,EUA
EUA,EU-27,IPCC Common Reporting Format,PFCs - (CO2 equivalent),2.F.5,2.F.5 - Solvents,2.F,Gg CO2 equivalent,1990,,"IE,NO",20250315,EEA,EUA
EUA,EU-27,IPCC Common Reporting Format,PFCs - (CO2 equivalent),2.F.5,2.F.5 - Solvents,2.F,Gg CO2 equivalent,2019,,"IE,NO",20250315,EEA,EUA
EUA,EU-27,IPCC Common Reporting Format,PFCs - (CO2 equivalent),2.H,2.H - Other Industrial Process and Product Use,2,Gg CO2 equivalent,1990,0.19163,,20250315,EEA,EUA
EUA,EU-27,IPCC Common Reporting Format,SF6 - (CO2 equivalent),2.B.10,2.B.10 - Other chemical industry,2.B,Gg CO2 equivalent,2019,,"NA,NO",20250315,EEA,EUA
EUA,EU-27,IPCC Common Reporting Format,SF6 - (CO2 equivalent),2.B.9,2.B.9 - Fluorochemical Production,2.B,Gg CO2 equivalent,1990,1784.7075,,20250315,EEA,EUA
EUA,EU-27,IPCC Common Reporting Format,SF6 - (CO2 equivalent),2.C,2.C - Metal Industry,2,Gg CO2 equivalent,1990,1231.50863,,20250315,EEA,EUA
EUA,EU-27,IPCC Common Reporting Format,SF6 - (CO2 equivalent),2.C.3,2.C.3 - Aluminium Production,2.C,Gg CO2 equivalent,2019,0.00705,,20250315,EEA,EUA
EUA,EU-27,IPCC Common Reporting Format,SF6 - (CO2 equivalent),2.C.7,2.C.7 - Other Metal Industry,2.C,Gg CO2 equivalent,2019,31.49,,20250315,EEA,EUA
EUA,EU-27,IPCC Common Reporting Format,SF6 - (CO2 equivalent),2.F.5,2.F.5 - Solvents,2.F,Gg CO2 equivalent,1990,,NO,20250315,EEA,EUA
EUA,EU-27,IPCC Common Reporting Format,SF6 - (CO2 equivalent),2.F.5,2.F.5 - Solvents,2.F,Gg CO2 equivalent,2019,,NO,20250315,EEA,EUA
EUA,EU-27,IPCC Common Reporting Format,SF6 - (CO2 equivalent),2.H,2.H - Other Industrial Process and Product Use,2,Gg CO2 equivalent,1990,7.708,,20250315,EEA,EUA
EUA,EU-27,IPCC Common Reporting Format,SF6 - (CO2 equivalent),2.H,2.H - Other Industrial Process and Product Use,2,Gg CO2 equivalent,2019,4.62564,,20250315,EEA,EUA
EUA,EU-27,IPCC Common Reporting Format,Unspecified mix of HFCs and PFCs - (CO2 equivalent),2,2 - Industrial Processes and Product Use,Sectors/Totals_incl_incl,Gg CO2 equivalent,1990,5077.14121,,20250315,EEA,EUA
EUA,EU-27,IPCC Common Reporting Format,Unspecified mix of HFCs and PFCs - (CO2 equivalent),2.B,2.B - Chemical Industry,2,Gg CO2 equivalent,1990,4787.21475,,20250315,EEA,EUA
EUA,EU-27,IPCC Common Reporting Format,Unspecified mix of HFCs and PFCs - (CO2 equivalent),2.C,2.C - Metal Industry,2,Gg CO2 equivalent,1990,,"NA,NO",20250315,EEA,EUA
EUA,EU-27,IPCC Common Reporting Format,Unspecified mix of HFCs and PFCs - (CO2 equivalent),2.C,2.C - Metal Industry,2,Gg CO2 equivalent,2019,,"NA,NO",20250315,EEA,EUA
EUA,EU-27,IPCC Common Reporting Format,Unspecified mix of HFCs and PFCs - (CO2 equivalent),2.C.7,2.C.7 - Other Metal Industry,2.C,Gg CO2 equivalent,2019,,"NA,NO",20250315,EEA,EUA
EUA,EU-27,IPCC Common Reporting Format,Unspecified mix of HFCs and PFCs - (CO2 equivalent),2.E,2.E - Electronics Industry,2,Gg CO2 equivalent,1990,,NO,20250315,EEA,EUA
EUA,EU-27,IPCC Common Reporting Format,All greenhouse gases - (CO2 equivalent),1.A.2,1.A.2 - Manufacturing Industries and Construction,1.AA,Gg CO2 equivalent,2019,417857.48839,,20250315,EEA,EUA
EUA,EU-27,IPCC Common Reporting Format,All greenhouse gases - (CO2 equivalent),1.A.2.e,"1.A.2.e - Food Processing, Beverages and Tobacco",1.A.2,Gg CO2 equivalent,1990,45810.93357,,20250315,EEA,EUA
EUA,EU-27,IPCC Common Reporting Format,All greenhouse gases - (CO2 equivalent),1.A.3.a,1.A.3.a - Domestic Aviation,1.A.3,Gg CO2 equivalent,1990,11374.95267,,20250315,EEA,EUA
EUA,EU-27,IPCC Common Reporting Format,All greenhouse gases - (CO2 equivalent),1.A.3.b.i,1.A.3.b.i - Cars,1.A.3.b,Gg CO2 equivalent,2019,486011.41039,,20250315,EEA,EUA
EUA,EU-27,IPCC Common Reporting Format,All greenhouse gases - (CO2 equivalent),1.A.3.b.iv,1.A.3.b.iv - Motorcycles,1.A.3.b,Gg CO2 equivalent,1990,8646.58933,,20250315,EEA,EUA
EUA,EU-27,IPCC Common Reporting Format,All greenhouse gases - (CO2 equivalent),1.A.3.d,1.A.3.d - Domestic Navigation,1.A.3,Gg CO2 equivalent,2019,18656.61835,,20250315,EEA,EUA
EUA,EU-27,IPCC Common Reporting Format,All greenhouse gases - (CO2 equivalent),1.D.1,1.D.1 - International Bunkers,1.D,Gg CO2 equivalent,1990,155487.49742,,20250315,EEA,EUA
EUA,EU-27,IPCC Common Reporting Format,All greenhouse gases - (CO2 equivalent),1.D.1.b,1.D.1.b - International Navigation,1.D.1,Gg CO2 equivalent,1990,100856.88402,,20250315,EEA,EUA
EUA,EU-27,IPCC Common Reporting Format,All greenhouse gases - (CO2 equivalent),1.D.3,1.D.3 - CO2 emissions from biomass,1.D,Gg CO2 equivalent,2019,567387.73271,,20250315,EEA,EUA
EUA,EU-27,IPCC Common Reporting Format,All greenhouse gases - (CO2 equivalent),2.A.2,2.A.2 - Lime Production,2.A,Gg CO2 equivalent,2019,17695.35089,,20250315,EEA,EUA
EUA,EU-27,IPCC Common Reporting Format,All greenhouse gases - (CO2 equivalent),2.B.3,2.B.3 - Adipic Acid Production,2.B,Gg CO2 equivalent,2019,283.48736,,20250315,EEA,EUA
EUA,EU-27,IPCC Common Reporting Format,All greenhouse gases - (CO2 equivalent),2.B.6,2.B.6 - Titanium Dioxide Production,2.B,Gg CO2 equivalent,2019,120.09837,,20250315,EEA,EUA
EUA,EU-27,IPCC Common Reporting Format,All greenhouse gases - (CO2 equivalent),2.B.8,2.B.8 - Petrochemical and Carbon Black Production,2.B,Gg CO2 equivalent,2019,16274.88568,,20250315,EEA,EUA
EUA,EU-27,IPCC Common Reporting Format,All greenhouse gases - (CO2 equivalent),2.C,2.C - Metal Industry,2,Gg CO2 equivalent,1990,133868.24283,,20250315,EEA,EUA
EUA,EU-27,IPCC Common Reporting Format,All greenhouse gases - (CO2 equivalent),2.C.2,2.C.2 - Ferroalloys Production,2.C,Gg CO2 equivalent,1990,4688.50225,,20250315,EEA,EUA
EUA,EU-27,IPCC Common Reporting Format,All greenhouse gases - (CO2 equivalent),2.C.7,2.C.7 - Other Metal Industry,2.C,Gg CO2 equivalent,2019,265.20845,,20250315,EEA,EUA
EUA,EU-27,IPCC Common Reporting Format,All greenhouse gases - (CO2 equivalent),2.D.1,2.D.1 - Lubricant Use,2.D,Gg CO2 equivalent,2019,2258.53819,,20250315,EEA,EUA
EUA,EU-27,IPCC Common Reporting Format,All greenhouse gases - (CO2 equivalent),2.D.3,2.D.3 - Other non energy products,2.D,Gg CO2 equivalent,1990,4371.80432,,20250315,EEA,EUA
EUA,EU-27,IPCC Common Reporting Format,All greenhouse gases - (CO2 equivalent),2.F.6,2.F.6 - Other Applications,2.F,Gg CO2 equivalent,1990,,—,20250315,EEA,EUA
EUA,EU-27,IPCC Common Reporting Format,All greenhouse gases - (CO2 equivalent),3,3 - Agriculture,Sectors/Totals_incl_incl,Gg CO2 equivalent,2019,381927.49748,,20250315,EEA,EUA
EUA,EU-27,IPCC Common Reporting Format,All greenhouse gases - (CO2 equivalent),3.B.3,3.B.3 - Manure Management - Swine,3.B,Gg CO2 equivalent,2019,22480.54285,,20250315,EEA,EUA
EUA,EU-27,IPCC Common Reporting Format,All greenhouse gases - (CO2 equivalent),3.B.5,3.B.5 - Manure Management - Indirect N2O Emissions,3.B,Gg CO2 equivalent,2019,7155.52698,,20250315,EEA,EUA
EUA,EU-27,IPCC Common Reporting Format,All greenhouse gases - (CO2 equivalent),3.C.3,3.C.3 - Deep Water,3.C,Gg CO2 equivalent,1990,,—,20250315,EEA,EUA
EUA,EU-27,IPCC Common Reporting Format,All greenhouse gases - (CO2 equivalent),3.C.3,3.C.3 - Deep Water,3.C,Gg CO2 equivalent,2019,,—,20250315,EEA,EUA
EUA,EU-27,IPCC Common Reporting Format,All greenhouse gases - (CO2 equivalent),3.G,3.G - Liming,3,Gg CO2 equivalent,1990,9435.7005,,20250315,EEA,EUA
EUA,EU-27,IPCC Common Reporting Format,All greenhouse gases - (CO2 equivalent),4(IV).E,4(IV).E 4(IV)  Biomass Burning,4.E,Gg CO2 equivalent,1990,44.6537,,20250315,EEA,EUA
EUA,EU-27,IPCC Common Reporting Format,All greenhouse gases - (CO2 equivalent),4(IV).F,4(IV).F 4.F Biomass Burning,4.F,Gg CO2 equivalent,2019,0.15168,,20250315,EEA,EUA
EUA,EU-27,IPCC Common Reporting Format,All greenhouse gases - (CO2 equivalent),4.A,4.A - Forest Land,4,Gg CO2 equivalent,1990,-370701.4023,,20250315,EEA,EUA
EUA,EU-27,IPCC Common Reporting Format,All greenhouse gases - (CO2 equivalent),4.A.1,4.A.1 - Forest Land remaining forest land,4.A,Gg CO2 equivalent,1990,-316834.93583,,20250315,EEA,EUA
EUA,EU-27,IPCC Common Reporting Format,All greenhouse gases - (CO2 equivalent),4.E.1,4.E.1 - Settlements remaining settlements,4.E,Gg CO2 equivalent,2019,1316.74198,,20250315,EEA,EUA
EUA,EU-27,IPCC Common Reporting Format,All greenhouse gases - (CO2 equivalent),5,5 - Waste management,Sectors/Totals_incl_incl,Gg CO2 equivalent,1990,185004.04208,,20250315,EEA,EUA
EUA,EU-27,IPCC Common Reporting Format,All greenhouse gases - (CO2 equivalent),5.A.3,5.A.3 - Uncategorized Waste Disposal Sites,5.A,Gg CO2 equivalent,2019,171.74706,,20250315,EEA,EUA
EUA,EU-27,IPCC Common Reporting Format,All greenhouse gases - (CO2 equivalent),5.C.2,5.C.2 - Open Burning of Waste,5.C,Gg CO2 equivalent,2019,850.89836,,20250315,EEA,EUA
EUA,EU-27,IPCC Common Reporting Format,All greenhouse gases - (CO2 equivalent),5.E,5.E - Other Disposal,5,Gg CO2 equivalent,2019,54.13878,,20250315,EEA,EUA
EUA,EU-27,IPCC Common Reporting Format,All greenhouse gases - (CO2 equivalent),5.F.1,5.F.1 - Long-term Storage of C in Waste Disposal Sites,5.F,Gg CO2 equivalent,1990,126655.65871,,20250315,EEA,EUA
EUA,EU-27,IPCC Common Reporting Format,All greenhouse gases - (CO2 equivalent),5.F.3,5.F.3 - Annual Change in Total Long-term C Storage in HWP Waste,5.F,Gg CO2 equivalent,2019,1197.53054,,20250315,EEA,EUA
EUA,EU-27,IPCC Common Reporting Format,All greenhouse gases - (CO2 equivalent),ind_CO2,ind_CO2 - Indirect CO2,Sectors/Totals_incl_incl,Gg CO2 equivalent,2019,3782.5626,,20250315,EEA,EUA
EUA,EU-27,IPCC Common Reporting Format,CH₄,1.A.2,1.A.2 - Manufacturing Industries and Construction,1.AA,Gg,2019,86.60893,,20250315,EEA,EUA
EUA,EU-27,IPCC Common Reporting Format,CH₄,1.A.2.c,1.A.2.c - Chemicals,1.A.2,Gg,2019,18.56051,,20250315,EEA,EUA
EUA,EU-27,IPCC Common Reporting Format,CH₄,1.A.3,1.A.3 - Transport,1.AA,Gg,2019,46.81251,,20250315,EEA,EUA
EUA,EU-27,IPCC Common Reporting Format,CH₄,1.A.3.b,1.A.3.b - Road Transportation,1.A.3,Gg,2019,42.65639,,20250315,EEA,EUA
EUA,EU-27,IPCC Common Reporting Format,CH₄,1.A.3.b.ii,1.A.3.b.ii - Light duty trucks,1.A.3.b,Gg,1990,14.65602,,20250315,EEA,EUA
EUA,EU-27,IPCC Common Reporting Format,CH₄,1.A.3.b.v,1.A.3.b.v - Other Road Transportation,1.A.3.b,Gg,1990,0.01635,,20250315,EEA,EUA
EUA,EU-27,IPCC Common Reporting Format,CH₄,1.A.4.b,1.A.4.b - Residential,1.A.4,Gg,1990,734.69856,,20250315,EEA,EUA
EUA,EU-27,IPCC Common Reporting Format,CH₄,1.A.4.c,1.A.4.c - Agriculture/Forestry/Fishing,1.A.4,Gg,2019,84.08344,,20250315,EEA,EUA
EUA,EU-27,IPCC Common Reporting Format,CH₄,1.B,1.B - Fugitive Emissions from Fuels,1,Gg,1990,5129.48001,,20250315,EEA,EUA
EUA,EU-27,IPCC Common Reporting Format,CH₄,1.B,1.B - Fugitive Emissions from Fuels,1,Gg,2019,1658.48455,,20250315,EEA,EUA
EUA,EU-27,IPCC Common Reporting Format,CH₄,2.B.8,2.B.8 - Petrochemical and Carbon Black Production,2.B,Gg,2019,44.3956,,20250315,EEA,EUA
EUA,EU-27,IPCC Common Reporting Format,CH₄,2.C.1,2.C.1 - Iron and Steel Production,2.C,Gg,1990,14.99406,,20250315,EEA,EUA
EUA,EU-27,IPCC Common Reporting Format,CH₄,2.D.1,2.D.1 - Lubricant Use,2.D,Gg,1990,0.07268,,20250315,EEA,EUA
EUA,EU-27,IPCC Common Reporting Format,CH₄,2.D.3,2.D.3 - Other non energy products,2.D,Gg,1990,0.01115,,20250315,EEA,EUA
EUA,EU-27,IPCC Common Reporting Format,CH₄,2.H,2.H - Other Industrial Process and Product Use,2,Gg,1990,0.24339,,20250315,EEA,EUA
EUA,EU-27,IPCC Common Reporting Format,CH₄,3.B.1,3.B.1 - Manure Management - Cattle,3.B,Gg,2019,825.2721,,20250315,EEA,EUA
EUA,EU-27,IPCC Common Reporting Format,CH₄,3.B.4,3.B.4 - Manure Management - Other livestock,3.B,Gg,2019,89.71732,,20250315,EEA,EUA
EUA,EU-27,IPCC Common Reporting Format,CH₄,3.C.1,3.C.1 - Irrigated,3.C,Gg,1990,110.68054,,20250315,EEA,EUA
EUA,EU-27,IPCC Common Reporting Format,CH₄,3.F,3.F - Field Burning of Agricultural Residues,3,Gg,2019,17.24814,,20250315,EEA,EUA
EUA,EU-27,IPCC Common Reporting Format,CH₄,3.F.3,3.F.3 - Tubers and roots,3.F,Gg,1990,7.83128,,20250315,EEA,EUA
EUA,EU-27,IPCC Common Reporting Format,CH₄,3.F.4,3.F.4 - Sugar cane,3.F,Gg,2019,0.05494,,20250315,EEA,EUA
EUA,EU-27,IPCC Common Reporting Format,CH₄,3.F.5,3.F.5 - Other Agricultural residues,3.F,Gg,2019,1.2778,,20250315,EEA,EUA
EUA,EU-27,IPCC Common Reporting Format,CH₄,4(II).C,4(II).C 4(II) Emissions and removals from drainage and rewetting and other management of organic and mineral soils,4.C,Gg,1990,135.02483,,20250315,EEA,EUA
EUA,EU-27,IPCC Common Reporting Format,CH₄,4(IV).F,4(IV).F 4.F Biomass Burning,4.F,Gg,2019,0.00509,,20250315,EEA,EUA
EUA,EU-27,IPCC Common Reporting Format,CH₄,4.C,4.C - Grassland,4,Gg,1990,171.94274,,20250315,EEA,EUA
EUA,EU-27,IPCC Common Reporting Format,CH₄,4.C.1,4.C.1 - Grassland remaining grassland,4.C,Gg,1990,167.16483,,20250315,EEA,EUA
EUA,EU-27,IPCC Common Reporting Format,CH₄,4.D.2,4.D.2 - Land converted to wetlands,4.D,Gg,1990,3.92414,,20250315,EEA,EUA
EUA,EU-27,IPCC Common Reporting Format,CH₄,4.D.2,4.D.2 - Land converted to wetlands,4.D,Gg,2019,6.78854,,20250315,EEA,EUA
EUA,EU-27,IPCC Common Reporting Format,CH₄,4.E.1,4.E.1 - Settlements remaining settlements,4.E,Gg,2019,0.75589,,20250315,EEA,EUA
EUA,EU-27,IPCC Common Reporting Format,CH₄,5.A,5.A - Solid Waste Disposal,5,Gg,2019,2741.74869,,20250315,EEA,EUA
EUA,EU-27,IPCC Common Reporting Format,CH₄,5.A.3,5.A.3 - Uncategorized Waste Disposal Sites,5.A,Gg,1990,110.42469,,20250315,EEA,EUA
EUA,EU-27,IPCC Common Reporting Format,CH₄,5.C.1,5.C.1 - Waste Incineration,5.C,Gg,1990,0.98078,,20250315,EEA,EUA
EUA,EU-27,IPCC Common Reporting Format,CH₄,5.D.3,5.D.3 - Other Wastewater,5.D,Gg,2019,2.94042,,20250315,EEA,EUA
EUA,EU-27,IPCC Common Reporting Format,CH₄,6,6 - Other Sector,Sectors/Totals_incl_incl,Gg,2019,,"NA,NO",20250315,EEA,EUA
EUA,EU-27,IPCC Common Reporting Format,CH₄,Sectors/Totals_excl,Total emissions (UNFCCC),,Gg,1990,23311.37301,,20250315,EEA,EUA
EUA,EU-27,IPCC Common Reporting Format,CO₂,1.A.2.b,1.A.2.b - Non-Ferrous Metals,1.A.2,Gg,1990,11961.07017,,20250315,EEA,EUA
EUA,EU-27,IPCC Common Reporting Format,CO₂,1.A.2.b,1.A.2.b - Non-Ferrous Metals,1.A.2,Gg,2019,8749.30785,,20250315,EEA,EUA
EUA,EU-27,IPCC Common Reporting Format,CO₂,1.A.2.c,1.A.2.c - Chemicals,1.A.2,Gg,2019,57481.08035,,20250315,EEA,EUA
EUA,EU-27,IPCC Common Reporting Format,CO₂,1.A.2.f,1.A.2.f - Non-metallic minerals,1.A.2,Gg,2019,83885.40489,,20250315,EEA,EUA
EUA,EU-27,IPCC Common Reporting Format,CO₂,1.A.3.e,1.A.3.e - Other Transportation,1.A.3,Gg,1990,6056.96037,,20250315,EEA,EUA
EUA,EU-27,IPCC Common Reporting Format,CO₂,1.B.1,1.B.1 - Solid Fuels,1.B,Gg,1990,6805.65764,,20250315,EEA,EUA
EUA,EU-27,IPCC Common Reporting Format,CO₂,1.B.2,1.B.2 - Oil and Natural Gas and Other Emissions from Energy Production,1.B,Gg,1990,16424.89079,,20250315,EEA,EUA
EUA,EU-27,IPCC Common Reporting Format,CO₂,1.B.2,1.B.2 - Oil and Natural Gas and Other Emissions from Energy Production,1.B,Gg,2019,17807.53575,,20250315,EEA,EUA
EUA,EU-27,IPCC Common Reporting Format,CO₂,1.D.1,1.D.1 - International Bunkers,1.D,Gg,2019,266411.04392,,20250315,EEA,EUA
EUA,EU-27,IPCC Common Reporting Format,CO₂,1.D.2,1.D.2 - Multilateral Operations,1.D,Gg,1990,0.6678,,20250315,EEA,EUA
EUA,EU-27,IPCC Common Reporting Format,CO₂,2.B.10,2.B.10 - Other chemical industry,2.B,Gg,2019,16808.37289,,20250315,EEA,EUA
EUA,EU-27,IPCC Common Reporting Format,CO₂,2.B.7,2.B.7 - Soda Ash Production,2.B,Gg,1990,1965.9743,,20250315,EEA,EUA
EUA,EU-27,IPCC Common Reporting Format,CO₂,2.C.1,2.C.1 - Iron and Steel Production,2.C,Gg,1990,103487.08597,,20250315,EEA,EUA
EUA,EU-27,IPCC Common Reporting Format,CO₂,2.C.3,2.C.3 - Aluminium Production,2.C,Gg,1990,4316.57166,,20250315,EEA,EUA
EUA,EU-27,IPCC Common Reporting Format,CO₂,2.C.6,2.C.6 - Zinc Production,2.C,Gg,2019,1062.34071,,20250315,EEA,EUA
EUA,EU-27,IPCC Common Reporting Format,CO₂,2.G,2.G - Other Product Manufacture and Use,2,Gg,1990,144.60152,,20250315,EEA,EUA
EUA,EU-27,IPCC Common Reporting Format,CO₂,3,3 - Agriculture,Sectors/Totals_incl_incl,Gg,2019,9418.09684,,20250315,EEA,EUA
EUA,EU-27,IPCC Common Reporting Format,CO₂,3.H,3.H - Urea Application,3,Gg,1990,3648.19567,,20250315,EEA,EUA
EUA,EU-27,IPCC Common Reporting Format,CO₂,3.I,3.I - Other Carbon-containing Fertilizers,3,Gg,2019,754.2922,,20250315,EEA,EUA
EUA,EU-27,IPCC Common Reporting Format,CO₂,4,"4 - Land Use, Land-Use Change and Forestry",Sectors/Totals_incl_incl,Gg,1990,-266650.56026,,20250315,EEA,EUA
EUA,EU-27,IPCC Common Reporting Format,CO₂,4.A.1,4.A.1 - Forest Land remaining forest land,4.A,Gg,2019,-201116.31602,,20250315,EEA,EUA
EUA,EU-27,IPCC Common Reporting Format,CO₂,4.B,4.B - Cropland,4,Gg,2019,34051.12227,,20250315,EEA,EUA
EUA,EU-27,IPCC Common Reporting Format,CO₂,4.C.2,4.C.2 - Land converted to grassland,4.C,Gg,1990,-8583.88355,,20250315,EEA,EUA
EUA,EU-27,IPCC Common Reporting Format,CO₂,4.F,4.F - Other Land,4,Gg,1990,1181.95587,,20250315,EEA,EUA
EUA,EU-27,IPCC Common Reporting Format,CO₂,4.G,4.G - Harvested Wood Products,4,Gg,1990,-28769.5805,,20250315,EEA,EUA
EUA,EU-27,IPCC Common Reporting Format,CO₂,4.G,4.G - Harvested Wood Products,4,Gg,2019,-40782.6559,,20250315,EEA,EUA
EUA,EU-27,IPCC Common Reporting Format,CO₂,5.F.2,5.F.2 - Annual Change in Total Long-term C Storage,5.F,Gg,2019,2177.69574,,20250315,EEA,EUA
EUA,EU-27,IPCC Common Reporting Format,CO₂,Sectors/Totals_excl,Total emissions (UNFCCC),,Gg,1990,3881034.06518,,20250315,EEA,EUA
EUA,EU-27,IPCC Common Reporting Format,HFCs - (CO2 equivalent),2.B.10,2.B.10 - Other chemical industry,2.B,Gg CO2 equivalent,1990,,"NA,NO",20250315,EEA,EUA
EUA,EU-27,IPCC Common Reporting Format,HFCs - (CO2 equivalent),2.B.10,2.B.10 - Other chemical industry,2.B,Gg CO2 equivalent,2019,,"NA,NO",20250315,EEA,EUA
EUA,EU-27,IPCC Common Reporting Format,HFCs - (CO2 equivalent),2.C.7,2.C.7 - Other Metal Industry,2.C,Gg CO2 equivalent,1990,,"NA,NO",20250315,EEA,EUA
EUA,EU-27,IPCC Common Reporting Format,HFCs - (CO2 equivalent),2.F,2.F - Product Uses as Substitutes for ODS,2,Gg CO2 equivalent,2019,69593.04582,,20250315,EEA,EUA
EUA,EU-27,IPCC Common Reporting Format,HFCs - (CO2 equivalent),2.F.5,2.F.5 - Solvents,2.F,Gg CO2 equivalent,2019,33.56072,,20250315,EEA,EUA
EUA,EU-27,IPCC Common Reporting Format,HFCs - (CO2 equivalent),2.F.6,2.F.6 - Other Applications,2.F,Gg CO2 equivalent,2019,160.03651,,20250315,EEA,EUA
EUA,EU-27,IPCC Common Reporting Format,HFCs - (CO2 equivalent),6,6 - Other Sector,Sectors/Totals_incl_incl,Gg CO2 equivalent,1990,,"NA,NO",20250315,EEA,EUA
EUA,EU-27,IPCC Common Reporting Format,HFCs - (CO2 equivalent),6,6 - Other Sector,Sectors/Totals_incl_incl,Gg CO2 equivalent,2019,,"NA,NO",20250315,EEA,EUA
EUA,EU-27,IPCC Common Reporting Format,N₂O,1.A.1.b,1.A.1.b - Petroleum Refining,1.A.1,Gg,1990,1.53516,,20250315,EEA,EUA
EUA,EU-27,IPCC Common Reporting Format,N₂O,1.A.2.b,1.A.2.b - Non-Ferrous Metals,1.A.2,Gg,2019,0.06563,,20250315,EEA,EUA
EUA,EU-27,IPCC Common Reporting Format,N₂O,1.A.2.f,1.A.2.f - Non-metallic minerals,1.A.2,Gg,1990,4.57331,,20250315,EEA,EUA
EUA,EU-27,IPCC Common Reporting Format,N₂O,1.A.3.b.ii,1.A.3.b.ii - Light duty trucks,1.A.3.b,Gg,2019,2.60021,,20250315,EEA,EUA
EUA,EU-27,IPCC Common Reporting Format,N₂O,1.A.3.b.v,1.A.3.b.v - Other Road Transportation,1.A.3.b,Gg,1990,0.00313,,20250315,EEA,EUA
EUA,EU-27,IPCC Common Reporting Format,N₂O,1.A.3.c,1.A.3.c - Railways,1.A.3,Gg,1990,2.26128,,20250315,EEA,EUA
EUA,EU-27,IPCC Common Reporting Format,N₂O,1.A.4,1.A.4 - Other Sectors,1.AA,Gg,1990,24.94248,,20250315,EEA,EUA
EUA,EU-27,IPCC Common Reporting Format,N₂O,1.A.4.a,1.A.4.a - Commercial/Institutional,1.A.4,Gg,1990,1.9945,,20250315,EEA,EUA
EUA,EU-27,IPCC Common Reporting Format,N₂O,1.A.4.b,1.A.4.b - Residential,1.A.4,Gg,1990,11.59144,,20250315,EEA,EUA
EUA,EU-27,IPCC Common Reporting Format,N₂O,1.A.5.a,1.A.5.a - Stationary,1.A.5,Gg,1990,0.23473,,20250315,EEA,EUA
EUA,EU-27,IPCC Common Reporting Format,N₂O,1.B.2,1.B.2 - Oil and Natural Gas and Other Emissions from Energy Production,1.B,Gg,1990,0.17354,,20250315,EEA,EUA
EUA,EU-27,IPCC Common Reporting Format,N₂O,1.D.1.b,1.D.1.b - International Navigation,1.D.1,Gg,2019,4.5104,,20250315,EEA,EUA
EUA,EU-27,IPCC Common Reporting Format,N₂O,2,2 - Industrial Processes and Product Use,Sectors/Totals_incl_incl,Gg,1990,314.52878,,20250315,EEA,EUA
EUA,EU-27,IPCC Common Reporting Format,N₂O,3.B.4,3.B.4 - Manure Management - Other livestock,3.B,Gg,2019,6.66438,,20250315,EEA,EUA
EUA,EU-27,IPCC Common Reporting Format,N₂O,3.D,3.D - Agricultural Soils,3,Gg,1990,551.76047,,20250315,EEA,EUA
EUA,EU-27,IPCC Common Reporting Format,N₂O,3.E,3.E - Prescribed Burning of Savannas,3,Gg,1990,,"NA,NO",20250315,EEA,EUA
EUA,EU-27,IPCC Common Reporting Format,N₂O,3.E,3.E - Prescribed Burning of Savannas,3,Gg,2019,,"NA,NO",20250315,EEA,EUA
EUA,EU-27,IPCC Common Reporting Format,N₂O,3.F.1,3.F.1 - Cereals,3.F,Gg,1990,1.34068,,20250315,EEA,EUA
EUA,EU-27,IPCC Common Reporting Format,N₂O,4(II).A,4(II).A 4(II) Emissions and removals from drainage and rewetting and other management of organic and mineral soils,4.A,Gg,2019,16.20198,,20250315,EEA,EUA
EUA,EU-27,IPCC Common Reporting Format,N₂O,4(II).B,4(II).B 4(II) Emissions and removals from drainage and rewetting and other management of organic and mineral soils,4.B,Gg,1990,,"NA,NE,NO",20250315,EEA,EUA
EUA,EU-27,IPCC Common Reporting Format,N₂O,4(II).C,4(II).C 4(II) Emissions and removals from drainage and rewetting and other management of organic and mineral soils,4.C,Gg,2019,0.21919,,20250315,EEA,EUA
EUA,EU-27,IPCC Common Reporting Format,N₂O,4(III).F.2,4(III).F.2 4(III).F Land converted to other land,4(III).F,Gg,2019,0.21714,,20250315,EEA,EUA
EUA,EU-27,IPCC Common Reporting Format,N₂O,4.A,4.A - Forest Land,4,Gg,2019,18.52388,,20250315,EEA,EUA
EUA,EU-27,IPCC Common Reporting Format,N₂O,4.D,4.D - Wetlands,4,Gg,1990,0.84734,,20250315,EEA,EUA
EUA,EU-27,IPCC Common Reporting Format,N₂O,5,5 - Waste management,Sectors/Totals_incl_incl,Gg,2019,45.04632,,20250315,EEA,EUA
EUA,EU-27,IPCC Common Reporting Format,N₂O,5.B.1,5.B.1 - Waste Composting,5.B,Gg,2019,6.72305,,20250315,EEA,EUA
EUA,EU-27,IPCC Common Reporting Format,N₂O,5.D.1,5.D.1 - Domestic wastewater,5.D,Gg,2019,32.96987,,20250315,EEA,EUA
EUA,EU-27,IPCC Common Reporting Format,N₂O,Sectors/Totals_excl,Total emissions (UNFCCC),,Gg,1990,1091.12217,,20250315,EEA,EUA
EUA,EU-27,IPCC Common Reporting Format,NF3 - (CO2 equivalent),2.B,2.B - Chemical Industry,2,Gg CO2 equivalent,1990,,"NA,NO",20250315,EEA,EUA
EUA,EU-27,IPCC Common Reporting Format,NF3 - (CO2 equivalent),2.B,2.B - Chemical Industry,2,Gg CO2 equivalent,2019,,"NA,NO",20250315,EEA,EUA
EUA,EU-27,IPCC Common Reporting Format,PFCs - (CO2 equivalent),2.B.10,2.B.10 - Other chemical industry,2.B,Gg CO2 equivalent,1990,,"NA,NO",20250315,EEA,EUA
EUA,EU-27,IPCC Common Reporting Format,PFCs - (CO2 equivalent),2.E.2,2.E.2 - TFT Flat Panel Display,2.E,Gg CO2 equivalent,1990,,NO,20250315,EEA,EUA
EUA,EU-27,IPCC Common Reporting Format,PFCs - (CO2 equivalent),2.E.2,2.E.2 - TFT Flat Panel Display,2.E,Gg CO2 equivalent,2019,,NO,20250315,EEA,EUA
EUA,EU-27,IPCC Common Reporting Format,PFCs - (CO2 equivalent),2.E.3,2.E.3 - Photovoltaics,2.E,Gg CO2 equivalent,1990,,"IE,NO",20250315,EEA,EUA
EUA,EU-27,IPCC Common Reporting Format,PFCs - (CO2 equivalent),2.F.4,2.F.4 - Aerosols,2.F,Gg CO2 equivalent,1990,,"NA,NO",20250315,EEA,EUA
EUA,EU-27,IPCC Common Reporting Format,SF6 - (CO2 equivalent),2.B,2.B - Chemical Industry,2,Gg CO2 equivalent,1990,1784.7075,,20250315,EEA,EUA
EUA,EU-27,IPCC Common Reporting Format,SF6 - (CO2 equivalent),2.C.4,2.C.4 - Magnesium Production,2.C,Gg CO2 equivalent,1990,474.7,,20250315,EEA,EUA
EUA,EU-27,IPCC Common Reporting Format,SF6 - (CO2 equivalent),2.C.7,2.C.7 - Other Metal Industry,2.C,Gg CO2 equivalent,1990,742.70863,,20250315,EEA,EUA
EUA,EU-27,IPCC Common Reporting Format,SF6 - (CO2 equivalent),2.E.1,2.E.1 - Integrated Circuit or Semiconductor,2.E,Gg CO2 equivalent,1990,245.04127,,20250315,EEA,EUA
EUA,EU-27,IPCC Common Reporting Format,SF6 - (CO2 equivalent),2.E.4,2.E.4 - Heat Transfer Fluid,2.E,Gg CO2 equivalent,1990,,NO,20250315,EEA,EUA
EUA,EU-27,IPCC Common Reporting Format,SF6 - (CO2 equivalent),2.E.4,2.E.4 - Heat Transfer Fluid,2.E,Gg CO2 equivalent,2019,,NO,20250315,EEA,EUA
EUA,EU-27,IPCC Common Reporting Format,SF6 - (CO2 equivalent),2.F,2.F - Product Uses as Substitutes for ODS,2,Gg CO2 equivalent,2019,,NO,20250315,EEA,EUA
EUA,EU-27,IPCC Common Reporting Format,SF6 - (CO2 equivalent),2.F.2,2.F.2 - Foam Blowing Agents,2.F,Gg CO2 equivalent,2019,,NO,20250315,EEA,EUA
EUA,EU-27,IPCC Common Reporting Format,SF6 - (CO2 equivalent),2.F.6,2.F.6 - Other Applications,2.F,Gg CO2 equivalent,1990,,NO,20250315,EEA,EUA
EUA,EU-27,IPCC Common Reporting Format,SF6 - (CO2 equivalent),2.F.6,2.F.6 - Other Applications,2.F,Gg CO2 equivalent,2019,,NO,20250315,EEA,EUA
EUA,EU-27,IPCC Common Reporting Format,SF6 - (CO2 equivalent),2.G,2.G - Other Product Manufacture and Use,2,Gg CO2 equivalent,1990,6631.20433,,20250315,EEA,EUA
EUA,EU-27,IPCC Common Reporting Format,Unspecified mix of HFCs and PFCs - (CO2 equivalent),2.B,2.B - Chemical Industry,2,Gg CO2 equivalent,2019,48.04566,,20250315,EEA,EUA
EUA,EU-27,IPCC Common Reporting Format,Unspecified mix of HFCs and PFCs - (CO2 equivalent),2.B.10,2.B.10 - Other chemical industry,2.B,Gg CO2 equivalent,1990,,"NA,NO",20250315,EEA,EUA
EUA,EU-27,IPCC Common Reporting Format,Unspecified mix of HFCs and PFCs - (CO2 equivalent),2.B.10,2.B.10 - Other chemical industry,2.B,Gg CO2 equivalent,2019,,"NA,NO",20250315,EEA,EUA
EUA,EU-27,IPCC Common Reporting Format,Unspecified mix of HFCs and PFCs - (CO2 equivalent),2.F,2.F - Product Uses as Substitutes for ODS,2,Gg CO2 equivalent,2019,1368.3163,,20250315,EEA,EUA
EUA,EU-27,IPCC Common Reporting Format,Unspecified mix of HFCs and PFCs - (CO2 equivalent),2.H,2.H - Other Industrial Process and Product Use,2,Gg CO2 equivalent,1990,289.92645,,20250315,EEA,EUA
EUA,EU-27,IPCC Common Reporting Format,Unspecified mix of HFCs and PFCs - (CO2 equivalent),2.H,2.H - Other Industrial Process and Product Use,2,Gg CO2 equivalent,2019,138.94021,,20250315,EEA,EUA
EUA,EU-27,IPCC Common Reporting Format,Unspecified mix of HFCs and PFCs - (CO2 equivalent),Sectors/Totals_incl,Total net emissions (UNFCCC),,Gg CO2 equivalent,1990,5077.14121,,20250315,EEA,EUA
EUA,EU-27,IPCC Common Reporting Format,All greenhouse gases - (CO2 equivalent),1,1 - Energy,Sectors/Totals_incl_incl,Gg CO2 equivalent,1990,3740052.30665,,20250315,EEA,EUA
EUA,EU-27,IPCC Common Reporting Format,All greenhouse gases - (CO2 equivalent),1.A.2.b,1.A.2.b - Non-Ferrous Metals,1.A.2,Gg CO2 equivalent,1990,12018.48304,,20250315,EEA,EUA
EUA,EU-27,IPCC Common Reporting Format,All greenhouse gases - (CO2 equivalent),1.A.2.d,"1.A.2.d - Pulp, Paper and Print",1.A.2,Gg CO2 equivalent,1990,30500.1723,,20250315,EEA,EUA
EUA,EU-27,IPCC Common Reporting Format,All greenhouse gases - (CO2 equivalent),1.A.3.b.ii,1.A.3.b.ii - Light duty trucks,1.A.3.b,Gg CO2 equivalent,1990,59280.17995,,20250315,EEA,EUA
EUA,EU-27,IPCC Common Reporting Format,All greenhouse gases - (CO2 equivalent),1.A.3.e,1.A.3.e - Other Transportation,1.A.3,Gg CO2 equivalent,1990,6123.66626,,20250315,EEA,EUA
EUA,EU-27,IPCC Common Reporting Format,All greenhouse gases - (CO2 equivalent),1.A.4.a,1.A.4.a - Commercial/Institutional,1.A.4,Gg CO2 equivalent,1990,172193.55604,,20250315,EEA,EUA
EUA,EU-27,IPCC Common Reporting Format,All greenhouse gases - (CO2 equivalent),1.A.4.a,1.A.4.a - Commercial/Institutional,1.A.4,Gg CO2 equivalent,2019,121612.91357,,20250315,EEA,EUA
EUA,EU-27,IPCC Common Reporting Format,All greenhouse gases - (CO2 equivalent),1.A.4.b,1.A.4.b - Residential,1.A.4,Gg CO2 equivalent,2019,327639.07178,,20250315,EEA,EUA
EUA,EU-27,IPCC Common Reporting Format,All greenhouse gases - (CO2 equivalent),1.A.4.c,1.A.4.c - Agriculture/Forestry/Fishing,1.A.4,Gg CO2 equivalent,1990,91820.62777,,20250315,EEA,EUA
EUA,EU-27,IPCC Common Reporting Format,All greenhouse gases - (CO2 equivalent),1.A.5,1.A.5 - Other Other Sectors,1.AA,Gg CO2 equivalent,1990,22428.79846,,20250315,EEA,EUA
EUA,EU-27,IPCC Common Reporting Format,All greenhouse gases - (CO2 equivalent),2.A.1,2.A.1 - Cement Production,2.A,Gg CO2 equivalent,2019,73556.09988,,20250315,EEA,EUA
EUA,EU-27,IPCC Common Reporting Format,All greenhouse gases - (CO2 equivalent),2.B,2.B - Chemical Industry,2,Gg CO2 equivalent,2019,63170.8612,,20250315,EEA,EUA
EUA,EU-27,IPCC Common Reporting Format,All greenhouse gases - (CO2 equivalent),2.B.2,2.B.2 - Nitric Acid Production,2.B,Gg CO2 equivalent,2019,2755.60578,,20250315,EEA,EUA
EUA,EU-27,IPCC Common Reporting Format,All greenhouse gases - (CO2 equivalent),2.B.5,2.B.5 - Carbide Production,2.B,Gg CO2 equivalent,1990,1805.16535,,20250315,EEA,EUA
EUA,EU-27,IPCC Common Reporting Format,All greenhouse gases - (CO2 equivalent),2.C.1,2.C.1 - Iron and Steel Production,2.C,Gg CO2 equivalent,2019,66826.22938,,20250315,EEA,EUA
EUA,EU-27,IPCC Common Reporting Format,All greenhouse gases - (CO2 equivalent),2.C.3,2.C.3 - Aluminium Production,2.C,Gg CO2 equivalent,2019,3444.23365,,20250315,EEA,EUA
EUA,EU-27,IPCC Common Reporting Format,All greenhouse gases - (CO2 equivalent),2.C.4,2.C.4 - Magnesium Production,2.C,Gg CO2 equivalent,2019,70.64964,,20250315,EEA,EUA
EUA,EU-27,IPCC Common Reporting Format,All greenhouse gases - (CO2 equivalent),2.D,2.D - Non-energy Products from Fuels and Solvent Use,2,Gg CO2 equivalent,2019,6408.73994,,20250315,EEA,EUA
EUA,EU-27,IPCC Common Reporting Format,All greenhouse gases - (CO2 equivalent),2.E,2.E - Electronics Industry,2,Gg CO2 equivalent,1990,727.73261,,20250315,EEA,EUA
EUA,EU-27,IPCC Common Reporting Format,All greenhouse gases - (CO2 equivalent),2.F,2.F - Product Uses as Substitutes for ODS,2,Gg CO2 equivalent,1990,6.12751,,20250315,EEA,EUA
EUA,EU-27,IPCC Common Reporting Format,All greenhouse gases - (CO2 equivalent),2.H,2.H - Other Industrial Process and Product Use,2,Gg CO2 equivalent,2019,362.16717,,20250315,EEA,EUA
EUA,EU-27,IPCC Common Reporting Format,All greenhouse gases - (CO2 equivalent),3.A.2,3.A.2 - Enteric Fermentation - Sheep,3.A,Gg CO2 equivalent,2019,16028.4781,,20250315,EEA,EUA
EUA,EU-27,IPCC Common Reporting Format,All greenhouse gases - (CO2 equivalent),3.B.1,3.B.1 - Manure Management - Cattle,3.B,Gg CO2 equivalent,2019,30769.27625,,20250315,EEA,EUA
EUA,EU-27,IPCC Common Reporting Format,All greenhouse gases - (CO2 equivalent),3.B.2,3.B.2 - Manure Management - Sheep,3.B,Gg CO2 equivalent,1990,1765.15272,,20250315,EEA,EUA
EUA,EU-27,IPCC Common Reporting Format,All greenhouse gases - (CO2 equivalent),3.B.4,3.B.4 - Manure Management - Other livestock,3.B,Gg CO2 equivalent,2019,4278.14507,,20250315,EEA,EUA
EUA,EU-27,IPCC Common Reporting Format,All greenhouse gases - (CO2 equivalent),3.D,3.D - Agricultural Soils,3,Gg CO2 equivalent,2019,116708.80582,,20250315,EEA,EUA
EUA,EU-27,IPCC Common Reporting Format,All greenhouse gases - (CO2 equivalent),3.E,3.E - Prescribed Burning of Savannas,3,Gg CO2 equivalent,1990,,"NA,NO",20250315,EEA,EUA
EUA,EU-27,IPCC Common Reporting Format,All greenhouse gases - (CO2 equivalent),3.E,3.E - Prescribed Burning of Savannas,3,Gg CO2 equivalent,2019,,"NA,NO",20250315,EEA,EUA
EUA,EU-27,IPCC Common Reporting Format,All greenhouse gases - (CO2 equivalent),3.F.2,3.F.2 - Pulses,3.F,Gg CO2 equivalent,2019,0.32725,,20250315,EEA,EUA
EUA,EU-27,IPCC Common Reporting Format,All greenhouse gases - (CO2 equivalent),3.F.3,3.F.3 - Tubers and roots,3.F,Gg CO2 equivalent,1990,276.16559,,20250315,EEA,EUA
EUA,EU-27,IPCC Common Reporting Format,All greenhouse gases - (CO2 equivalent),3.F.3,3.F.3 - Tubers and roots,3.F,Gg CO2 equivalent,2019,4.2521,,20250315,EEA,EUA
EUA,EU-27,IPCC Common Reporting Format,All greenhouse gases - (CO2 equivalent),4(II).C,4(II).C 4(II) Emissions and removals from drainage and rewetting and other management of organic and mineral soils,4.C,Gg CO2 equivalent,2019,5826.24149,,20250315,EEA,EUA
EUA,EU-27,IPCC Common Reporting Format,All greenhouse gases - (CO2 equivalent),4(III).F.2,4(III).F.2 4(III).F Land converted to other land,4(III).F,Gg CO2 equivalent,1990,29.18399,,20250315,EEA,EUA
EUA,EU-27,IPCC Common Reporting Format,All greenhouse gases - (CO2 equivalent),4(IV).F,4(IV).F 4.F Biomass Burning,4.F,Gg CO2 equivalent,1990,0.15391,,20250315,EEA,EUA
EUA,EU-27,IPCC Common Reporting Format,All greenhouse gases - (CO2 equivalent),4.A,4.A - Forest Land,4,Gg CO2 equivalent,2019,-252485.00341,,20250315,EEA,EUA
EUA,EU-27,IPCC Common Reporting Format,All greenhouse gases - (CO2 equivalent),4.C.2,4.C.2 - Land converted to grassland,4.C,Gg CO2 equivalent,2019,-16334.70215,,20250315,EEA,EUA
EUA,EU-27,IPCC Common Reporting Format,All greenhouse gases - (CO2 equivalent),4.D,4.D - Wetlands,4,Gg CO2 equivalent,2019,23701.50481,,20250315,EEA,EUA
EUA,EU-27,IPCC Common Reporting Format,All greenhouse gases - (CO2 equivalent),5.A,5.A - Solid Waste Disposal,5,Gg CO2 equivalent,1990,135338.24072,,20250315,EEA,EUA
EUA,EU-27,IPCC Common Reporting Format,All greenhouse gases - (CO2 equivalent),5.A.2,5.A.2 - Unmanaged Waste Disposal Sites,5.A,Gg CO2 equivalent,2019,10649.76646,,20250315,EEA,EUA
EUA,EU-27,IPCC Common Reporting Format,All greenhouse gases - (CO2 equivalent),5.D.1,5.D.1 - Domestic wastewater,5.D,Gg CO2 equivalent,1990,33497.00502,,20250315,EEA,EUA
EUA,EU-27,IPCC Common Reporting Format,All greenhouse gases - (CO2 equivalent),5.F.3,5.F.3 - Annual Change in Total Long-term C Storage in HWP Waste,5.F,Gg CO2 equivalent,1990,2586.24477,,20250315,EEA,EUA
EUA,EU-27,IPCC Common Reporting Format,All greenhouse gases - (CO2 equivalent),Sectors/Totals_excl,Total emissions (UNFCCC),,Gg CO2 equivalent,1990,4872570.63651,,20250315,EEA,EUA
EUA,EU-27,IPCC Common Reporting Format,CH₄,1,1 - Energy,Sectors/Totals_incl_incl,Gg,2019,2608.59919,,20250315,EEA,EUA
EUA,EU-27,IPCC Common Reporting Format,CH₄,1.A,1.A - Fuel combustion activities (sectoral approach),1,Gg,2019,950.11465,,20250315,EEA,EUA
EUA,EU-27,IPCC Common Reporting Format,CH₄,1.A.2.a,1.A.2.a - Iron and Steel,1.A.2,Gg,1990,9.96766,,20250315,EEA,EUA
EUA,EU-27,IPCC Common Reporting Format,CH₄,1.A.2.g,1.A.2.g - Other Manufacturing Industries and Constructions,1.A.2,Gg,1990,15.08328,,20250315,EEA,EUA
EUA,EU-27,IPCC Common Reporting Format,CH₄,1.A.3.b.ii,1.A.3.b.ii - Light duty trucks,1.A.3.b,Gg,2019,1.85603,,20250315,EEA,EUA
EUA,EU-27,IPCC Common Reporting Format,CH₄,1.A.3.d,1.A.3.d - Domestic Navigation,1.A.3,Gg,1990,3.36857,,20250315,EEA,EUA
EUA,EU-27,IPCC Common Reporting Format,CH₄,1.A.4,1.A.4 - Other Sectors,1.AA,Gg,2019,682.57344,,20250315,EEA,EUA
EUA,EU-27,IPCC Common Reporting Format,CH₄,1.D.1.b,1.D.1.b - International Navigation,1.D.1,Gg,1990,6.91443,,20250315,EEA,EUA
EUA,EU-27,IPCC Common Reporting Format,CH₄,2.B.8,2.B.8 - Petrochemical and Carbon Black Production,2.B,Gg,1990,43.27134,,20250315,EEA,EUA
EUA,EU-27,IPCC Common Reporting Format,CH₄,2.C.7,2.C.7 - Other Metal Industry,2.C,Gg,1990,,"IE,NA,NE,NO",20250315,EEA,EUA
EUA,EU-27,IPCC Common Reporting Format,CH₄,2.C.7,2.C.7 - Other Metal Industry,2.C,Gg,2019,,"IE,NA,NE,NO",20250315,EEA,EUA
EUA,EU-27,IPCC Common Reporting Format,CH₄,3,3 - Agriculture,Sectors/Totals_incl_incl,Gg,1990,10765.00228,,20250315,EEA,EUA
EUA,EU-27,IPCC Common Reporting Format,CH₄,3.B.3,3.B.3 - Manure Management - Swine,3.B,Gg,1990,906.60298,,20250315,EEA,EUA
EUA,EU-27,IPCC Common Reporting Format,CH₄,3.J,3.J - Other agriculture emissions,3,Gg,2019,51.64129,,20250315,EEA,EUA
EUA,EU-27,IPCC Common Reporting Format,CH₄,4(II).A,4(II).A 4(II) Emissions and removals from drainage and rewetting and other management of organic and mineral soils,4.A,Gg,2019,54.48147,,20250315,EEA,EUA
EUA,EU-27,IPCC Common Reporting Format,CH₄,4(II).B,4(II).B 4(II) Emissions and removals from drainage and rewetting and other management of organic and mineral soils,4.B,Gg,2019,27.3674,,20250315,EEA,EUA
EUA,EU-27,IPCC Common Reporting Format,CH₄,4.B.2,4.B.2 - Land converted to cropland,4.B,Gg,1990,4.74798,,20250315,EEA,EUA
EUA,EU-27,IPCC Common Reporting Format,CH₄,4.D,4.D - Wetlands,4,Gg,2019,301.62596,,20250315,EEA,EUA
EUA,EU-27,IPCC Common Reporting Format,CH₄,4.F,4.F - Other Land,4,Gg,2019,0.00509,,20250315,EEA,EUA
EUA,EU-27,IPCC Common Reporting Format,CH₄,5.C,5.C - Incineration and Open Burning of Waste,5,Gg,1990,15.76786,,20250315,EEA,EUA
EUA,EU-27,IPCC Common Reporting Format,CH₄,5.E,5.E - Other Disposal,5,Gg,1990,2.01241,,20250315,EEA,EUA
EUA,EU-27,IPCC Common Reporting Format,CH₄,5.E,5.E - Other Disposal,5,Gg,2019,0.33712,,20250315,EEA,EUA
EUA,EU-27,IPCC Common Reporting Format,CO₂,1,1 - Energy,Sectors/Totals_incl_incl,Gg,1990,3540322.8744,,20250315,EEA,EUA
EUA,EU-27,IPCC Common Reporting Format,CO₂,1.A.1,1.A.1 - Energy Industries,1.AA,Gg,1990,1434034.15386,,20250315,EEA,EUA
EUA,EU-27,IPCC Common Reporting Format,CO₂,1.A.1.c,1.A.1.c - Manufacture of Solid Fuels and Other Energy Industries,1.A.1,Gg,2019,39288.9685,,20250315,EEA,EUA
EUA,EU-27,IPCC Common Reporting Format,CO₂,1.A.2,1.A.2 - Manufacturing Industries and Construction,1.AA,Gg,2019,412251.69609,,20250315,EEA,EUA
EUA,EU-27,IPCC Common Reporting Format,CO₂,1.A.2.c,1.A.2.c - Chemicals,1.A.2,Gg,1990,94366.66048,,20250315,EEA,EUA
EUA,EU-27,IPCC Common Reporting Format,CO₂,1.A.2.d,"1.A.2.d - Pulp, Paper and Print",1.A.2,Gg,1990,30107.50705,,20250315,EEA,EUA
EUA,EU-27,IPCC Common Reporting Format,CO₂,1.A.3.a,1.A.3.a - Domestic Aviation,1.A.3,Gg,1990,11267.48538,,20250315,EEA,EUA
EUA,EU-27,IPCC Common Reporting Format,CO₂,1.A.3.a,1.A.3.a - Domestic Aviation,1.A.3,Gg,2019,14785.16242,,20250315,EEA,EUA
EUA,EU-27,IPCC Common Reporting Format,CO₂,1.A.3.d,1.A.3.d - Domestic Navigation,1.A.3,Gg,1990,22679.68218,,20250315,EEA,EUA
EUA,EU-27,IPCC Common Reporting Format,CO₂,1.A.4.a,1.A.4.a - Commercial/Institutional,1.A.4,Gg,1990,169604.12175,,20250315,EEA,EUA
EUA,EU-27,IPCC Common Reporting Format,CO₂,1.A.5.a,1.A.5.a - Stationary,1.A.5,Gg,1990,13829.2075,,20250315,EEA,EUA
EUA,EU-27,IPCC Common Reporting Format,CO₂,1.B,1.B - Fugitive Emissions from Fuels,1,Gg,1990,23230.54843,,20250315,EEA,EUA
EUA,EU-27,IPCC Common Reporting Format,CO₂,1.C,1.C - CO2 Transport and Storage,1,Gg,1990,,"NA,NO",20250315,EEA,EUA
EUA,EU-27,IPCC Common Reporting Format,CO₂,1.D.3,1.D.3 - CO2 emissions from biomass,1.D,Gg,1990,210068.13555,,20250315,EEA,EUA
EUA,EU-27,IPCC Common Reporting Format,CO₂,2.A,2.A - Mineral Industry,2,Gg,1990,134074.24638,,20250315,EEA,EUA
EUA,EU-27,IPCC Common Reporting Format,CO₂,2.A.1,2.A.1 - Cement Production,2.A,Gg,1990,95236.58061,,20250315,EEA,EUA
EUA,EU-27,IPCC Common Reporting Format,CO₂,2.A.1,2.A.1 - Cement Production,2.A,Gg,2019,73556.09988,,20250315,EEA,EUA
EUA,EU-27,IPCC Common Reporting Format,CO₂,2.A.2,2.A.2 - Lime Production,2.A,Gg,2019,17695.35089,,20250315,EEA,EUA
EUA,EU-27,IPCC Common Reporting Format,CO₂,2.A.3,2.A.3 - Glass production,2.A,Gg,1990,3845.19874,,20250315,EEA,EUA
EUA,EU-27,IPCC Common Reporting Format,CO₂,2.D.2,2.D.2 - Paraffin Wax Use,2.D,Gg,2019,1042.7256,,20250315,EEA,EUA
EUA,EU-27,IPCC Common Reporting Format,CO₂,2.H,2.H - Other Industrial Process and Product Use,2,Gg,1990,113.13263,,20250315,EEA,EUA
EUA,EU-27,IPCC Common Reporting Format,CO₂,3.I,3.I - Other Carbon-containing Fertilizers,3,Gg,1990,1109.04654,,20250315,EEA,EUA
EUA,EU-27,IPCC Common Reporting Format,CO₂,3.J,3.J - Other agriculture emissions,3,Gg,1990,,"NA,NO",20250315,EEA,EUA
EUA,EU-27,IPCC Common Reporting Format,CO₂,3.J,3.J - Other agriculture emissions,3,Gg,2019,,"NA,NO",20250315,EEA,EUA
EUA,EU-27,IPCC Common Reporting Format,CO₂,4.A,4.A - Forest Land,4,Gg,2019,-259332.64856,,20250315,EEA,EUA
EUA,EU-27,IPCC Common Reporting Format,CO₂,4.A.2,4.A.2 - Land converted to forest land,4.A,Gg,2019,-58216.33254,,20250315,EEA,EUA
EUA,EU-27,IPCC Common Reporting Format,CO₂,4.D,4.D - Wetlands,4,Gg,2019,14980.9392,,20250315,EEA,EUA
EUA,EU-27,IPCC Common Reporting Format,CO₂,4.D.1,4.D.1 - Wetlands remaining wetlands,4.D,Gg,1990,9801.23998,,20250315,EEA,EUA
EUA,EU-27,IPCC Common Reporting Format,CO₂,4.E.1,4.E.1 - Settlements remaining settlements,4.E,Gg,2019,1220.54691,,20250315,EEA,EUA
EUA,EU-27,IPCC Common Reporting Format,CO₂,5,5 - Waste management,Sectors/Totals_incl_incl,Gg,1990,3390.13261,,20250315,EEA,EUA
EUA,EU-27,IPCC Common Reporting Format,CO₂,5.F.3,5.F.3 - Annual Change in Total Long-term C Storage in HWP Waste,5.F,Gg,1990,2586.24477,,20250315,EEA,EUA
EUA,EU-27,IPCC Common Reporting Format,HFCs - (CO2 equivalent),2.C.4,2.C.4 - Magnesium Production,2.C,Gg CO2 equivalent,1990,,"NA,NO",20250315,EEA,EUA
EUA,EU-27,IPCC Common Reporting Format,HFCs - (CO2 equivalent),2.C.4,2.C.4 - Magnesium Production,2.C,Gg CO2 equivalent,2019,15.60845,,20250315,EEA,EUA
EUA,EU-27,IPCC Common Reporting Format,HFCs - (CO2 equivalent),2.E.4,2.E.4 - Heat Transfer Fluid,2.E,Gg CO2 equivalent,2019,0.13948,,20250315,EEA,EUA
EUA,EU-27,IPCC Common Reporting Format,HFCs - (CO2 equivalent),2.F.4,2.F.4 - Aerosols,2.F,Gg CO2 equivalent,2019,2016.61966,,20250315,EEA,EUA
EUA,EU-27,IPCC Common Reporting Format,HFCs - (CO2 equivalent),Sectors/Totals_excl,Total emissions (UNFCCC),,Gg CO2 equivalent,1990,12884.20218,,20250315,EEA,EUA
EUA,EU-27,IPCC Common Reporting Format,N₂O,1.A.1.a,1.A.1.a - Public Electricity and Heat Production,1.A.1,Gg,1990,19.93469,,20250315,EEA,EUA
EUA,EU-27,IPCC Common Reporting Format,N₂O,1.A.2.a,1.A.2.a - Iron and Steel,1.A.2,Gg,1990,1.65947,,20250315,EEA,EUA
EUA,EU-27,IPCC Common Reporting Format,N₂O,1.A.2.e,"1.A.2.e - Food Processing, Beverages and Tobacco",1.A.2,Gg,2019,0.5966,,20250315,EEA,EUA
EUA,EU-27,IPCC Common Reporting Format,N₂O,1.A.2.f,1.A.2.f - Non-metallic minerals,1.A.2,Gg,2019,3.11589,,20250315,EEA,EUA
EUA,EU-27,IPCC Common Reporting Format,N₂O,1.A.3.b.ii,1.A.3.b.ii - Light duty trucks,1.A.3.b,Gg,1990,0.81775,,20250315,EEA,EUA
EUA,EU-27,IPCC Common Reporting Format,N₂O,1.A.3.b.iv,1.A.3.b.iv - Motorcycles,1.A.3.b,Gg,2019,0.1726,,20250315,EEA,EUA
EUA,EU-27,IPCC Common Reporting Format,N₂O,1.A.3.b.v,1.A.3.b.v - Other Road Transportation,1.A.3.b,Gg,2019,0.07028,,20250315,EEA,EUA
EUA,EU-27,IPCC Common Reporting Format,N₂O,1.A.5.b,1.A.5.b - Mobile,1.A.5,Gg,2019,0.10643,,20250315,EEA,EUA
EUA,EU-27,IPCC Common Reporting Format,N₂O,2.B,2.B - Chemical Industry,2,Gg,2019,18.77447,,20250315,EEA,EUA
EUA,EU-27,IPCC Common Reporting Format,N₂O,2.B.2,2.B.2 - Nitric Acid Production,2.B,Gg,1990,153.87072,,20250315,EEA,EUA
EUA,EU-27,IPCC Common Reporting Format,N₂O,2.C.7,2.C.7 - Other Metal Industry,2.C,Gg,2019,0.04925,,20250315,EEA,EUA
EUA,EU-27,IPCC Common Reporting Format,N₂O,2.D.1,2.D.1 - Lubricant Use,2.D,Gg,2019,0.01163,,20250315,EEA,EUA
EUA,EU-27,IPCC Common Reporting Format,N₂O,3.B.3,3.B.3 - Manure Management - Swine,3.B,Gg,2019,6.56078,,20250315,EEA,EUA
EUA,EU-27,IPCC Common Reporting Format,N₂O,3.B.5,3.B.5 - Manure Management - Indirect N2O Emissions,3.B,Gg,2019,27.00199,,20250315,EEA,EUA
EUA,EU-27,IPCC Common Reporting Format,N₂O,3.F,3.F - Field Burning of Agricultural Residues,3,Gg,2019,0.51396,,20250315,EEA,EUA
EUA,EU-27,IPCC Common Reporting Format,N₂O,3.F.2,3.F.2 - Pulses,3.F,Gg,1990,0.0017,,20250315,EEA,EUA
EUA,EU-27,IPCC Common Reporting Format,N₂O,4(II).A,4(II).A 4(II) Emissions and removals from drainage and rewetting and other management of organic and mineral soils,4.A,Gg,1990,14.87737,,20250315,EEA,EUA
EUA,EU-27,IPCC Common Reporting Format,N₂O,4.B.2,4.B.2 - Land converted to cropland,4.B,Gg,2019,5.07034,,20250315,EEA,EUA
EUA,EU-27,IPCC Common Reporting Format,N₂O,4.C.1,4.C.1 - Grassland remaining grassland,4.C,Gg,2019,0.92258,,20250315,EEA,EUA
EUA,EU-27,IPCC Common Reporting Format,N₂O,4.E,4.E - Settlements,4,Gg,2019,10.89609,,20250315,EEA,EUA
EUA,EU-27,IPCC Common Reporting Format,N₂O,4.E.2,4.E.2 - Land converted to settlements,4.E,Gg,2019,10.61295,,20250315,EEA,EUA
EUA,EU-27,IPCC Common Reporting Format,N₂O,5.C.2,5.C.2 - Open Burning of Waste,5.C,Gg,2019,1.16986,,20250315,EEA,EUA
EUA,EU-27,IPCC Common Reporting Format,N₂O,5.D.2,5.D.2 - Industrial wastewater,5.D,Gg,1990,3.83094,,20250315,EEA,EUA
EUA,EU-27,IPCC Common Reporting Format,N₂O,5.D.3,5.D.3 - Other Wastewater,5.D,Gg,1990,0.51467,,20250315,EEA,EUA
EUA,EU-27,IPCC Common Reporting Format,N₂O,6,6 - Other Sector,Sectors/Totals_incl_incl,Gg,1990,,"NA,NO",20250315,EEA,EUA
EUA,EU-27,IPCC Common Reporting Format,N₂O,6,6 - Other Sector,Sectors/Totals_incl_incl,Gg,2019,,"NA,NO",20250315,EEA,EUA
EUA,EU-27,IPCC Common Reporting Format,NF3 - (CO2 equivalent),2,2 - Industrial Processes and Product Use,Sectors/Totals_incl_incl,Gg CO2 equivalent,1990,21.86687,,20250315,EEA,EUA
EUA,EU-27,IPCC Common Reporting Format,NF3 - (CO2 equivalent),2.E.5,2.E.5 - Other electronics industry,2.E,Gg CO2 equivalent,1990,,NO,20250315,EEA,EUA
EUA,EU-27,IPCC Common Reporting Format,NF3 - (CO2 equivalent),2.E.5,2.E.5 - Other electronics industry,2.E,Gg CO2 equivalent,2019,,NO,20250315,EEA,EUA
EUA,EU-27,IPCC Common Reporting Format,NF3 - (CO2 equivalent),2.F.1,2.F.1 - Refrigeration and Air conditioning,2.F,Gg CO2 equivalent,1990,,NO,20250315,EEA,EUA
EUA,EU-27,IPCC Common Reporting Format,NF3 - (CO2 equivalent),2.F.1,2.F.1 - Refrigeration and Air conditioning,2.F,Gg CO2 equivalent,2019,,NO,20250315,EEA,EUA
EUA,EU-27,IPCC Common Reporting Format,NF3 - (CO2 equivalent),2.G,2.G - Other Product Manufacture and Use,2,Gg CO2 equivalent,2019,,"NA,NO",20250315,EEA,EUA
EUA,EU-27,IPCC Common Reporting Format,NF3 - (CO2 equivalent),2.H,2.H - Other Industrial Process and Product Use,2,Gg CO2 equivalent,1990,,"NA,NO",20250315,EEA,EUA
EUA,EU-27,IPCC Common Reporting Format,NF3 - (CO2 equivalent),2.H,2.H - Other Industrial Process and Product Use,2,Gg CO2 equivalent,2019,,"NA,NO",20250315,EEA,EUA
EUA,EU-27,IPCC Common Reporting Format,NF3 - (CO2 equivalent),Sectors/Totals_incl,Total net emissions (UNFCCC),,Gg CO2 equivalent,2019,65.43789,,20250315,EEA,EUA
EUA,EU-27,IPCC Common Reporting Format,PFCs - (CO2 equivalent),2,2 - Industrial Processes and Product Use,Sectors/Totals_incl_incl,Gg CO2 equivalent,2019,2308.88859,,20250315,EEA,EUA
EUA,EU-27,IPCC Common Reporting Format,PFCs - (CO2 equivalent),2.C,2.C - Metal Industry,2,Gg CO2 equivalent,1990,17233.60805,,20250315,EEA,EUA
EUA,EU-27,IPCC Common Reporting Format,PFCs - (CO2 equivalent),2.C.4,2.C.4 - Magnesium Production,2.C,Gg CO2 equivalent,1990,,NO,20250315,EEA,EUA
EUA,EU-27,IPCC Common Reporting Format,PFCs - (CO2 equivalent),2.C.4,2.C.4 - Magnesium Production,2.C,Gg CO2 equivalent,2019,,NO,20250315,EEA,EUA
EUA,EU-27,IPCC Common Reporting Format,PFCs - (CO2 equivalent),2.E,2.E - Electronics Industry,2,Gg CO2 equivalent,2019,499.80037,,20250315,EEA,EUA
EUA,EU-27,IPCC Common Reporting Format,PFCs - (CO2 equivalent),6,6 - Other Sector,Sectors/Totals_incl_incl,Gg CO2 equivalent,1990,,"NA,NO",20250315,EEA,EUA
EUA,EU-27,IPCC Common Reporting Format,PFCs - (CO2 equivalent),6,6 - Other Sector,Sectors/Totals_incl_incl,Gg CO2 equivalent,2019,,"NA,NO",20250315,EEA,EUA
EUA,EU-27,IPCC Common Reporting Format,SF6 - (CO2 equivalent),2,2 - Industrial Processes and Product Use,Sectors/Totals_incl_incl,Gg CO2 equivalent,1990,9900.16973,,20250315,EEA,EUA
EUA,EU-27,IPCC Common Reporting Format,SF6 - (CO2 equivalent),2.C.4,2.C.4 - Magnesium Production,2.C,Gg CO2 equivalent,2019,55.04119,,20250315,EEA,EUA
EUA,EU-27,IPCC Common Reporting Format,SF6 - (CO2 equivalent),2.E,2.E - Electronics Industry,2,Gg CO2 equivalent,2019,170.43716,,20250315,EEA,EUA
EUA,EU-27,IPCC Common Reporting Format,SF6 - (CO2 equivalent),2.F.1,2.F.1 - Refrigeration and Air conditioning,2.F,Gg CO2 equivalent,1990,,NO,20250315,EEA,EUA
EUA,EU-27,IPCC Common Reporting Format,SF6 - (CO2 equivalent),2.F.1,2.F.1 - Refrigeration and Air conditioning,2.F,Gg CO2 equivalent,2019,,NO,20250315,EEA,EUA
EUA,EU-27,IPCC Common Reporting Format,SF6 - (CO2 equivalent),Sectors/Totals_excl,Total emissions (UNFCCC),,Gg CO2 equivalent,2019,6545.56195,,20250315,EEA,EUA
EUA,EU-27,IPCC Common Reporting Format,Unspecified mix of HFCs and PFCs - (CO2 equivalent),2.E,2.E - Electronics Industry,2,Gg CO2 equivalent,2019,23.15264,,20250315,EEA,EUA
EUA,EU-27,IPCC Common Reporting Format,Unspecified mix of HFCs and PFCs - (CO2 equivalent),2.E.2,2.E.2 - TFT Flat Panel Display,2.E,Gg CO2 equivalent,1990,,NO,20250315,EEA,EUA
EUA,EU-27,IPCC Common Reporting Format,Unspecified mix of HFCs and PFCs - (CO2 equivalent),2.E.2,2.E.2 - TFT Flat Panel Display,2.E,Gg CO2 equivalent,2019,,NO,20250315,EEA,EUA
EUA,EU-27,IPCC Common Reporting Format,Unspecified mix of HFCs and PFCs - (CO2 equivalent),2.E.3,2.E.3 - Photovoltaics,2.E,Gg CO2 equivalent,1990,,NO,20250315,EEA,EUA
EUA,EU-27,IPCC Common Reporting Format,Unspecified mix of HFCs and PFCs - (CO2 equivalent),2.E.3,2.E.3 - Photovoltaics,2.E,Gg CO2 equivalent,2019,,NO,20250315,EEA,EUA
EUA,EU-27,IPCC Common Reporting Format,Unspecified mix of HFCs and PFCs - (CO2 equivalent),2.F,2.F - Product Uses as Substitutes for ODS,2,Gg CO2 equivalent,1990,,NO,20250315,EEA,EUA
EUA,EU-27,IPCC Common Reporting Format,Unspecified mix of HFCs and PFCs - (CO2 equivalent),2.F.2,2.F.2 - Foam Blowing Agents,2.F,Gg CO2 equivalent,1990,,NO,20250315,EEA,EUA
EUA,EU-27,IPCC Common Reporting Format,Unspecified mix of HFCs and PFCs - (CO2 equivalent),2.F.2,2.F.2 - Foam Blowing Agents,2.F,Gg CO2 equivalent,2019,,NO,20250315,EEA,EUA
EUA,EU-27,IPCC Common Reporting Format,Unspecified mix of HFCs and PFCs - (CO2 equivalent),2.F.3,2.F.3 - Fire Protection,2.F,Gg CO2 equivalent,1990,,NO,20250315,EEA,EUA
EUA,EU-27,IPCC Common Reporting Format,Unspecified mix of HFCs and PFCs - (CO2 equivalent),2.F.3,2.F.3 - Fire Protection,2.F,Gg CO2 equivalent,2019,,NO,20250315,EEA,EUA
EUA,EU-27,IPCC Common Reporting Format,Unspecified mix of HFCs and PFCs - (CO2 equivalent),2.F.6,2.F.6 - Other Applications,2.F,Gg CO2 equivalent,1990,,NO,20250315,EEA,EUA
EUA,EU-27,IPCC Common Reporting Format,Unspecified mix of HFCs and PFCs - (CO2 equivalent),2.F.6,2.F.6 - Other Applications,2.F,Gg CO2 equivalent,2019,,NO,20250315,EEA,EUA
