,Coal (TJ),Cokes (TJ),Coal gas (TJ),Network gas (TJ),Crude oil (TJ),Wood pellets (TJ),Heat (TJ),Electricity (TJ),Other (TJ)
Total energetic final consumption,,,,,,,,,
Chemical and petrochemical industry,9.59833525481087E+03,-,1.77024000000000E+03,1.40397238107528E+05,2.54660000000000E+03,-1.82290340199966E+03,8.47753855056946E+04,1.26944445000000E+05,1.77973747786175E+02
Total non-energetic final consumption,,,,,,,,,
Feedstock use in petrochemical industry,8.44185000000000E+02,-,0.00000000000000E+00,5.51529300000000E+04,4.55578585000000E+05,0.00000000000000E+00,0.00000000000000E+00,0.00000000000000E+00,0.00000000000000E+00