,Coal (TJ),Cokes (TJ),Coal gas (TJ),Network gas (TJ),Crude oil (TJ),Wood pellets (TJ),Heat (TJ),Electricity (TJ),Other (TJ)
Total energetic final consumption incl. refineries,,,,,,,,,
Chemical and petrochemical,0.00000000000000E+00,-,0.00000000000000E+00,1.15175719716552E+05,2.06603378057076E+05,0.00000000000000E+00,7.50757683913161E+04,5.59215384900000E+04,8.88819450755559E+01
Total non-energetic final consumption incl. refineries,,,,,,,,,
   Memo: Feedstock use in petrochemical industry,0.00000000000000E+00,-,0.00000000000000E+00,1.10323728200000E+05,0.00000000000000E+00,0.00000000000000E+00,0.00000000000000E+00,0.00000000000000E+00,0.00000000000000E+00