,Coal (TJ),Cokes (TJ),Coal gas (TJ),Network gas (TJ),Crude oil (TJ),Wood pellets (TJ),Heat (TJ),Electricity (TJ),Other (TJ)
Total energetic final consumption,,,,,,,,,
Chemical and petrochemical industry,5.69800000000000E+01,-,0.00000000000000E+00,7.23693764748988E+04,9.87172100000000E+04,0.00000000000000E+00,4.00917202648902E+04,4.42267600000000E+04,0.00000000000000E+00
Total non-energetic final consumption,,,,,,,,,
Feedstock use in petrochemical industry,3.01680000000000E+03,-,0.00000000000000E+00,8.39784600000000E+04,4.90200910000000E+05,0.00000000000000E+00,0.00000000000000E+00,0.00000000000000E+00,0.00000000000000E+00