key,share
input.electricity,4.15182440483202E-02
input.coal_gas,9.58481755951680E-01
input.coupling_carrier,9.85593965310953E+00