key,share
input.coal,4.18701024996888E-01
input.cokes,5.81298975003112E-01
output.coal_gas,3.99981051741128E-01