key,share
output.coal_gas,2.04823013191298E-01
output.cokes,7.20998643885281E-01