key,share
input.bio_oil,0.00000000000000E+00
input.crude_oil,2.49491113330891E-01
input.network_gas,7.50508886669108E-01