,Coal (TJ),Cokes (TJ),Coal gas (TJ),Network gas (TJ),Crude oil (TJ),Wood pellets (TJ),Heat (TJ),Electricity (TJ),Other (TJ)
Total energetic final consumption incl. refineries,,,,,,,,,
Chemical and petrochemical,7.23131046769347E+03,-,0.00000000000000E+00,1.20457646312373E+05,2.04531786850951E+05,1.94645898074810E+02,0.00000000000000E+00,4.16054900000000E+04,5.99000000000000E+00
Total non-energetic final consumption incl. refineries,,,,,,,,,
   Memo: Feedstock use in petrochemical industry,0.00000000000000E+00,-,0.00000000000000E+00,1.48421600000000E+04,0.00000000000000E+00,0.00000000000000E+00,0.00000000000000E+00,0.00000000000000E+00,0.00000000000000E+00