,Coal (TJ),Cokes (TJ),Coal gas (TJ),Network gas (TJ),Crude oil (TJ),Wood pellets (TJ),Heat (TJ),Electricity (TJ),Other (TJ)
Total energetic final consumption incl. refineries,,,,,,,,,
Chemical and petrochemical,4.48261661313517E+04,-,5.94730000000000E+02,4.22658489373320E+04,6.17422700000000E+04,1.17736020654187E+02,1.44092500000000E+04,3.43897900000000E+04,0.00000000000000E+00
Total non-energetic final consumption incl. refineries,,,,,,,,,
   Memo: Feedstock use in petrochemical industry,0.00000000000000E+00,-,0.00000000000000E+00,8.37921900000000E+04,0.00000000000000E+00,0.00000000000000E+00,0.00000000000000E+00,0.00000000000000E+00,0.00000000000000E+00