,Coal (TJ),Cokes (TJ),Coal gas (TJ),Network gas (TJ),Crude oil (TJ),Wood pellets (TJ),Heat (TJ),Electricity (TJ),Other (TJ)
Total energetic final consumption,,,,,,,,,
Chemical and petrochemical industry,1.02194380708083E+04,-,6.55012000000000E+03,1.77247711050121E+05,0.00000000000000E+00,-4.81023925757054E+03,1.48117210771325E+05,1.89113230000000E+05,-1.92597735915367E+03
Total non-energetic final consumption,,,,,,,,,
Feedstock use in petrochemical industry,1.52320000000000E+03,-,0.00000000000000E+00,9.69401600000000E+04,7.07347170000000E+05,0.00000000000000E+00,0.00000000000000E+00,0.00000000000000E+00,0.00000000000000E+00