,Coal (TJ),Cokes (TJ),Coal gas (TJ),Network gas (TJ),Crude oil (TJ),Wood pellets (TJ),Heat (TJ),Electricity (TJ),Other (TJ)
Total energetic final consumption incl. refineries,,,,,,,,,
Chemical and petrochemical,5.68926506656198E+03,-,0.00000000000000E+00,5.18595814158095E+04,2.57121983078810E+05,9.04764604302903E+02,0.00000000000000E+00,1.07637770000000E+05,0.00000000000000E+00
Total non-energetic final consumption incl. refineries,,,,,,,,,
   Memo: Feedstock use in petrochemical industry,0.00000000000000E+00,-,0.00000000000000E+00,6.18051600000000E+04,2.87694360000000E+05,0.00000000000000E+00,0.00000000000000E+00,0.00000000000000E+00,0.00000000000000E+00